ORDERNUMBER,ORDERLINENUMBER,ORDERDATE,STATUS,PRODUCTLINE,PRODUCTCODE,QUANTITYORDERED,PRICEEACH,SALES,MSRP,PRECIO_UNITARIO
10100,1,2003-01-06,Shipped,Vintage Cars,S24_3969,49,34.47,1689.03,41,34.47
10100,2,2003-01-06,Shipped,Vintage Cars,S18_2248,50,67.8,3390.0,60,67.8
10100,3,2003-01-06,Shipped,Vintage Cars,S18_1749,30,100.0,5151.0,170,171.7
10100,4,2003-01-06,Shipped,Vintage Cars,S18_4409,22,86.51,1903.22,92,86.51
10101,1,2003-01-09,Shipped,Vintage Cars,S18_2795,26,100.0,3773.38,168,145.13
10101,2,2003-01-09,Shipped,Vintage Cars,S24_2022,46,53.76,2472.96,44,53.76
10101,3,2003-01-09,Shipped,Vintage Cars,S24_1937,45,31.2,1404.0,33,31.2
10101,4,2003-01-09,Shipped,Vintage Cars,S18_2325,25,100.0,3782.0,127,151.28
10102,1,2003-01-10,Shipped,Vintage Cars,S18_1367,41,50.14,2055.74,53,50.13999999999999
10102,2,2003-01-10,Shipped,Vintage Cars,S18_1342,39,100.0,4808.31,102,123.29
10103,4,2003-01-29,Shipped,Classic Cars,S10_4962,42,100.0,5398.26,147,128.53
10103,6,2003-01-29,Shipped,Classic Cars,S700_2824,42,100.0,4460.82,101,106.21
10103,9,2003-01-29,Shipped,Vintage Cars,S18_4668,41,47.29,1938.89,50,47.29
10103,11,2003-01-29,Shipped,Classic Cars,S10_1949,26,100.0,5404.62,214,207.87
10103,12,2003-01-29,Shipped,Vintage Cars,S18_2949,27,83.07,2242.89,101,83.07
10103,13,2003-01-29,Shipped,Vintage Cars,S18_3136,25,100.0,2539.5,104,101.58
10103,14,2003-01-29,Shipped,Vintage Cars,S18_2957,35,57.46,2011.1,62,57.46
10103,15,2003-01-29,Shipped,Vintage Cars,S24_4258,25,100.0,2873.0,97,114.92
10103,16,2003-01-29,Shipped,Vintage Cars,S18_3320,46,100.0,4791.82,99,104.16999999999999
10104,1,2003-01-31,Shipped,Classic Cars,S12_3148,34,100.0,5958.5,151,175.25
10104,3,2003-01-31,Shipped,Classic Cars,S18_4027,38,100.0,5348.5,143,140.75
10104,5,2003-01-31,Shipped,Classic Cars,S24_4048,26,100.0,2921.62,118,112.36999999999999
10104,6,2003-01-31,Shipped,Classic Cars,S24_1444,35,55.49,1942.15,57,55.49
10104,8,2003-01-31,Shipped,Classic Cars,S18_2238,24,100.0,3457.92,163,144.08
10104,10,2003-01-31,Shipped,Classic Cars,S24_2840,44,39.6,1742.4,35,39.6
10104,13,2003-01-31,Shipped,Classic Cars,S18_3232,23,100.0,4556.99,169,198.13
10105,1,2003-02-11,Shipped,Vintage Cars,S24_3816,50,79.67,3983.5,83,79.67
10105,2,2003-02-11,Shipped,Classic Cars,S10_4757,50,100.0,7208.0,136,144.16
10105,4,2003-02-11,Shipped,Vintage Cars,S24_3151,44,72.58,3193.52,88,72.58
10105,10,2003-02-11,Shipped,Vintage Cars,S18_4522,41,82.5,3382.5,87,82.5
10105,11,2003-02-11,Shipped,Vintage Cars,S18_3140,22,100.0,3065.04,136,139.32
10105,14,2003-02-11,Shipped,Classic Cars,S12_3891,29,100.0,4566.05,173,157.45000000000002
10105,15,2003-02-11,Shipped,Classic Cars,S12_1108,41,100.0,8690.36,207,211.96
10106,5,2003-02-17,Shipped,Vintage Cars,S32_4289,33,72.92,2406.36,68,72.92
10106,6,2003-02-17,Shipped,Vintage Cars,S50_1341,39,40.15,1565.85,43,40.15
10106,14,2003-02-17,Shipped,Vintage Cars,S24_3420,31,52.6,1630.6,65,52.599999999999994
10106,17,2003-02-17,Shipped,Vintage Cars,S18_3856,41,100.0,4774.86,105,116.46
10108,1,2003-03-03,Shipped,Classic Cars,S24_3856,40,100.0,5448.8,140,136.22
10108,2,2003-03-03,Shipped,Classic Cars,S18_1889,38,82.39,3130.82,77,82.39
10108,3,2003-03-03,Shipped,Classic Cars,S12_4675,36,100.0,3731.04,115,103.64
10108,4,2003-03-03,Shipped,Classic Cars,S12_3380,45,100.0,6130.35,117,136.23000000000002
10108,5,2003-03-03,Shipped,Classic Cars,S24_3371,30,63.07,1892.1,61,63.07
10108,6,2003-03-03,Shipped,Classic Cars,S12_1099,33,100.0,5265.15,194,159.54999999999998
10108,7,2003-03-03,Shipped,Classic Cars,S12_3990,39,89.38,3485.82,79,89.38000000000001
10108,8,2003-03-03,Shipped,Classic Cars,S18_3482,29,100.0,4049.56,146,139.64
10108,9,2003-03-03,Shipped,Classic Cars,S18_3278,26,68.35,1777.1,80,68.35
10108,10,2003-03-03,Shipped,Classic Cars,S24_4620,31,68.71,2130.01,80,68.71000000000001
10108,11,2003-03-03,Shipped,Classic Cars,S18_4721,44,100.0,5565.12,148,126.48
10109,1,2003-03-10,Shipped,Classic Cars,S18_2870,26,100.0,3157.44,132,121.44
10109,2,2003-03-10,Shipped,Classic Cars,S18_3685,47,100.0,6241.6,141,132.8
10109,3,2003-03-10,Shipped,Classic Cars,S18_1984,38,100.0,4432.7,142,116.64999999999999
10109,4,2003-03-10,Shipped,Classic Cars,S18_1129,26,100.0,4379.18,141,168.43
10109,5,2003-03-10,Shipped,Classic Cars,S18_3232,46,100.0,8257.0,169,179.5
10109,6,2003-03-10,Shipped,Classic Cars,S24_2972,29,32.1,930.9,37,32.1
10110,1,2003-03-18,Shipped,Vintage Cars,S18_2795,31,100.0,5074.39,168,163.69
10110,2,2003-03-18,Shipped,Vintage Cars,S24_2022,39,44.35,1729.65,44,44.35
10110,3,2003-03-18,Shipped,Vintage Cars,S24_1937,20,35.51,710.2,33,35.510000000000005
10110,4,2003-03-18,Shipped,Vintage Cars,S18_2325,33,100.0,3859.68,127,116.96
10110,5,2003-03-18,Shipped,Vintage Cars,S24_3969,48,34.47,1654.56,41,34.47
10110,6,2003-03-18,Shipped,Vintage Cars,S18_2248,32,50.25,1608.0,60,50.25
10110,7,2003-03-18,Shipped,Vintage Cars,S18_1749,42,100.0,6069.0,170,144.5
10110,8,2003-03-18,Shipped,Vintage Cars,S18_4409,28,89.27,2499.56,92,89.27
10110,9,2003-03-18,Shipped,Classic Cars,S18_4933,42,61.29,2574.18,71,61.29
10110,10,2003-03-18,Shipped,Classic Cars,S24_2887,46,100.0,5942.28,117,129.18
10110,11,2003-03-18,Shipped,Classic Cars,S24_2766,43,78.15,3360.45,90,78.14999999999999
10110,12,2003-03-18,Shipped,Classic Cars,S24_3191,27,73.62,1987.74,85,73.62
10110,13,2003-03-18,Shipped,Classic Cars,S24_1046,36,85.25,3069.0,73,85.25
10110,14,2003-03-18,Shipped,Classic Cars,S24_3432,37,100.0,3724.42,107,100.66
10110,15,2003-03-18,Shipped,Classic Cars,S24_1628,29,59.37,1721.73,50,59.37
10110,16,2003-03-18,Shipped,Classic Cars,S18_1589,37,100.0,5433.08,124,146.84
10112,1,2003-03-24,Shipped,Classic Cars,S10_1949,29,100.0,7209.11,214,248.58999999999997
10112,2,2003-03-24,Shipped,Vintage Cars,S18_2949,23,100.0,2539.89,101,110.42999999999999
10111,1,2003-03-25,Shipped,Vintage Cars,S18_3136,43,100.0,4818.15,104,112.05
10111,2,2003-03-25,Shipped,Vintage Cars,S18_2957,28,64.33,1801.24,62,64.33
10111,3,2003-03-25,Shipped,Vintage Cars,S24_4258,26,86.68,2253.68,97,86.67999999999999
10111,4,2003-03-25,Shipped,Vintage Cars,S18_3320,39,100.0,4178.85,99,107.15
10111,5,2003-03-25,Shipped,Vintage Cars,S18_1367,48,49.06,2354.88,53,49.06
10111,6,2003-03-25,Shipped,Vintage Cars,S18_1342,33,99.66,3288.78,102,99.66000000000001
10113,3,2003-03-26,Shipped,Vintage Cars,S18_4668,50,49.81,2490.5,50,49.81
10114,1,2003-04-01,Shipped,Classic Cars,S24_2840,24,30.06,721.44,35,30.060000000000002
10114,4,2003-04-01,Shipped,Classic Cars,S18_3232,48,100.0,8209.44,169,171.03
10114,8,2003-04-01,Shipped,Classic Cars,S10_4962,31,100.0,4305.28,147,138.88
10114,10,2003-04-01,Shipped,Classic Cars,S700_2824,42,100.0,4758.18,101,113.29
10115,1,2003-04-04,Shipped,Classic Cars,S24_4048,44,100.0,5568.64,118,126.56
10115,2,2003-04-04,Shipped,Classic Cars,S24_1444,47,69.36,3259.92,57,69.36
10115,4,2003-04-04,Shipped,Classic Cars,S18_2238,46,100.0,7381.16,163,160.46
10117,4,2003-04-16,Shipped,Vintage Cars,S18_4522,23,97.42,2240.66,87,97.41999999999999
10117,5,2003-04-16,Shipped,Vintage Cars,S18_3140,26,100.0,3551.34,136,136.59
10117,8,2003-04-16,Shipped,Classic Cars,S12_3891,39,100.0,5938.14,173,152.26000000000002
10117,9,2003-04-16,Shipped,Classic Cars,S12_1108,33,100.0,6034.38,207,182.86
10117,10,2003-04-16,Shipped,Classic Cars,S12_3148,43,100.0,5911.64,151,137.48000000000002
10117,12,2003-04-16,Shipped,Classic Cars,S18_4027,22,100.0,2780.58,143,126.39
10119,5,2003-04-28,Shipped,Vintage Cars,S24_3420,20,72.98,1459.6,65,72.97999999999999
10119,8,2003-04-28,Shipped,Vintage Cars,S18_3856,27,99.52,2687.04,105,99.52
10119,10,2003-04-28,Shipped,Vintage Cars,S24_3816,35,90.57,3169.95,83,90.57
10119,11,2003-04-28,Shipped,Classic Cars,S10_4757,46,100.0,5004.8,136,108.8
10119,13,2003-04-28,Shipped,Vintage Cars,S24_3151,35,87.62,3066.7,88,87.61999999999999
10120,11,2003-04-29,Shipped,Vintage Cars,S32_4289,29,72.23,2094.67,68,72.23
10120,12,2003-04-29,Shipped,Vintage Cars,S50_1341,49,50.62,2480.38,43,50.620000000000005
10122,1,2003-05-08,Shipped,Classic Cars,S18_1984,31,100.0,4100.99,142,132.29
10122,2,2003-05-08,Shipped,Classic Cars,S18_1129,34,100.0,5004.8,141,147.20000000000002
10122,3,2003-05-08,Shipped,Classic Cars,S18_3232,25,100.0,3598.5,169,143.94
10122,4,2003-05-08,Shipped,Classic Cars,S24_2972,39,30.96,1207.44,37,30.96
10122,5,2003-05-08,Shipped,Classic Cars,S24_3856,43,100.0,5494.97,140,127.79
10122,6,2003-05-08,Shipped,Classic Cars,S18_1889,43,72.38,3112.34,77,72.38000000000001
10122,7,2003-05-08,Shipped,Classic Cars,S12_4675,20,100.0,2142.0,115,107.1
10122,8,2003-05-08,Shipped,Classic Cars,S12_3380,37,99.82,3693.34,117,99.82000000000001
10122,9,2003-05-08,Shipped,Classic Cars,S24_3371,34,50.21,1707.14,61,50.21
10122,10,2003-05-08,Shipped,Classic Cars,S12_1099,42,100.0,7599.9,194,180.95
10122,11,2003-05-08,Shipped,Classic Cars,S12_3990,32,63.84,2042.88,79,63.84
10122,12,2003-05-08,Shipped,Classic Cars,S18_3482,21,100.0,2469.39,146,117.58999999999999
10122,13,2003-05-08,Shipped,Classic Cars,S18_3278,21,73.17,1536.57,80,73.17
10122,14,2003-05-08,Shipped,Classic Cars,S24_4620,29,71.14,2063.06,80,71.14
10122,15,2003-05-08,Shipped,Classic Cars,S18_4721,28,100.0,3583.16,148,127.97
10123,1,2003-05-20,Shipped,Classic Cars,S24_1628,50,59.87,2993.5,50,59.87
10123,2,2003-05-20,Shipped,Classic Cars,S18_1589,26,100.0,3073.72,124,118.22
10123,3,2003-05-20,Shipped,Classic Cars,S18_2870,46,100.0,5161.2,132,112.2
10123,4,2003-05-20,Shipped,Classic Cars,S18_3685,34,100.0,5331.88,141,156.82
10124,1,2003-05-21,Shipped,Vintage Cars,S24_2022,22,45.25,995.5,44,45.25
10124,2,2003-05-21,Shipped,Vintage Cars,S24_1937,45,37.84,1702.8,33,37.839999999999996
10124,3,2003-05-21,Shipped,Vintage Cars,S18_2325,42,100.0,4431.84,127,105.52000000000001
10124,4,2003-05-21,Shipped,Vintage Cars,S24_3969,46,33.23,1528.58,41,33.23
10124,5,2003-05-21,Shipped,Vintage Cars,S18_2248,42,53.88,2262.96,60,53.88
10124,6,2003-05-21,Shipped,Vintage Cars,S18_1749,21,100.0,2856.0,170,136.0
10124,7,2003-05-21,Shipped,Vintage Cars,S18_4409,36,85.59,3081.24,92,85.58999999999999
10124,8,2003-05-21,Shipped,Classic Cars,S18_4933,23,57.73,1327.79,71,57.73
10124,9,2003-05-21,Shipped,Classic Cars,S24_2887,25,93.95,2348.75,117,93.95
10124,10,2003-05-21,Shipped,Classic Cars,S24_2766,32,72.7,2326.4,90,72.7
10124,11,2003-05-21,Shipped,Classic Cars,S24_3191,49,83.04,4068.96,85,83.04
10124,12,2003-05-21,Shipped,Classic Cars,S24_1046,22,77.9,1713.8,73,77.89999999999999
10124,13,2003-05-21,Shipped,Classic Cars,S24_3432,43,100.0,5203.0,107,121.0
10125,1,2003-05-21,Shipped,Vintage Cars,S18_1342,32,100.0,3254.72,102,101.71
10125,2,2003-05-21,Shipped,Vintage Cars,S18_2795,34,100.0,6483.46,168,190.69
10126,4,2003-05-28,Shipped,Classic Cars,S10_4962,22,100.0,3347.74,147,152.17
10126,6,2003-05-28,Shipped,Classic Cars,S700_2824,45,100.0,4597.2,101,102.16
10126,9,2003-05-28,Shipped,Vintage Cars,S18_4668,43,53.83,2314.69,50,53.83
10126,11,2003-05-28,Shipped,Classic Cars,S10_1949,38,100.0,7329.06,214,192.87
10126,12,2003-05-28,Shipped,Vintage Cars,S18_2949,31,90.17,2795.27,101,90.17
10126,13,2003-05-28,Shipped,Vintage Cars,S18_3136,30,97.39,2921.7,104,97.39
10126,14,2003-05-28,Shipped,Vintage Cars,S18_2957,46,73.7,3390.2,62,73.7
10126,15,2003-05-28,Shipped,Vintage Cars,S24_4258,34,100.0,3576.12,97,105.17999999999999
10126,16,2003-05-28,Shipped,Vintage Cars,S18_3320,38,82.34,3128.92,99,82.34
10126,17,2003-05-28,Shipped,Vintage Cars,S18_1367,42,54.99,2309.58,53,54.989999999999995
10127,1,2003-06-03,Shipped,Classic Cars,S12_3891,42,100.0,8138.76,173,193.78
10127,2,2003-06-03,Shipped,Classic Cars,S12_1108,46,100.0,11279.2,207,245.20000000000002
10127,3,2003-06-03,Shipped,Classic Cars,S12_3148,46,100.0,7366.44,151,160.14
10127,5,2003-06-03,Shipped,Classic Cars,S18_4027,25,100.0,3447.0,143,137.88
10127,7,2003-06-03,Shipped,Classic Cars,S24_4048,20,96.99,1939.8,118,96.99
10127,8,2003-06-03,Shipped,Classic Cars,S24_1444,20,60.69,1213.8,57,60.69
10127,10,2003-06-03,Shipped,Classic Cars,S18_2238,45,100.0,7146.9,163,158.82
10127,12,2003-06-03,Shipped,Classic Cars,S24_2840,39,38.19,1489.41,35,38.190000000000005
10127,15,2003-06-03,Shipped,Classic Cars,S18_3232,22,100.0,3837.24,169,174.42
10128,1,2003-06-06,Shipped,Vintage Cars,S18_4522,43,92.16,3962.88,87,92.16
10128,2,2003-06-06,Shipped,Vintage Cars,S18_3140,41,100.0,5544.02,136,135.22
10129,1,2003-06-12,Shipped,Vintage Cars,S24_3816,50,77.99,3899.5,83,77.99
10129,2,2003-06-12,Shipped,Classic Cars,S10_4757,33,100.0,4398.24,136,133.28
10129,4,2003-06-12,Shipped,Vintage Cars,S24_3151,41,94.71,3883.11,88,94.71000000000001
10130,1,2003-06-16,Shipped,Vintage Cars,S18_3856,33,100.0,3423.75,105,103.75
10131,6,2003-06-16,Shipped,Vintage Cars,S24_3420,29,59.18,1716.22,65,59.18
10133,6,2003-06-27,Shipped,Vintage Cars,S32_4289,49,57.1,2797.9,68,57.1
10133,7,2003-06-27,Shipped,Vintage Cars,S50_1341,27,50.19,1355.13,43,50.190000000000005
10135,1,2003-07-02,Shipped,Classic Cars,S24_2972,20,35.87,717.4,37,35.87
10135,2,2003-07-02,Shipped,Classic Cars,S24_3856,47,100.0,6336.07,140,134.81
10135,3,2003-07-02,Shipped,Classic Cars,S18_1889,48,79.31,3806.88,77,79.31
10135,4,2003-07-02,Shipped,Classic Cars,S12_4675,29,97.89,2838.81,115,97.89
10135,5,2003-07-02,Shipped,Classic Cars,S12_3380,48,100.0,6031.68,117,125.66000000000001
10135,6,2003-07-02,Shipped,Classic Cars,S24_3371,27,66.13,1785.51,61,66.13
10135,7,2003-07-02,Shipped,Classic Cars,S12_1099,42,100.0,8008.56,194,190.68
10135,8,2003-07-02,Shipped,Classic Cars,S12_3990,24,75.01,1800.24,79,75.01
10135,9,2003-07-02,Shipped,Classic Cars,S18_3482,42,100.0,5432.7,146,129.35
10135,10,2003-07-02,Shipped,Classic Cars,S18_3278,45,78.0,3510.0,80,78.0
10135,11,2003-07-02,Shipped,Classic Cars,S24_4620,23,87.31,2008.13,80,87.31
10135,12,2003-07-02,Shipped,Classic Cars,S18_4721,31,100.0,4705.18,148,151.78
10136,1,2003-07-04,Shipped,Classic Cars,S18_1984,36,100.0,5274.72,142,146.52
10136,2,2003-07-04,Shipped,Classic Cars,S18_1129,25,100.0,3644.75,141,145.79
10136,3,2003-07-04,Shipped,Classic Cars,S18_3232,41,100.0,8331.61,169,203.21
10137,1,2003-07-10,Shipped,Classic Cars,S24_1628,26,49.81,1295.06,50,49.809999999999995
10137,2,2003-07-10,Shipped,Classic Cars,S18_1589,44,99.55,4380.2,124,99.55
10137,3,2003-07-10,Shipped,Classic Cars,S18_2870,37,100.0,4346.76,132,117.48
10137,4,2003-07-10,Shipped,Classic Cars,S18_3685,31,100.0,5124.3,141,165.3
10139,1,2003-07-16,Shipped,Vintage Cars,S18_2949,46,100.0,5545.76,101,120.56
10139,2,2003-07-16,Shipped,Vintage Cars,S18_3136,20,90.06,1801.2,104,90.06
10139,3,2003-07-16,Shipped,Vintage Cars,S18_2957,20,71.2,1424.0,62,71.2
10139,4,2003-07-16,Shipped,Vintage Cars,S24_4258,29,100.0,3276.13,97,112.97
10139,5,2003-07-16,Shipped,Vintage Cars,S18_3320,30,100.0,3095.4,99,103.18
10139,6,2003-07-16,Shipped,Vintage Cars,S18_1367,49,43.13,2113.37,53,43.129999999999995
10139,7,2003-07-16,Shipped,Vintage Cars,S18_1342,31,100.0,3184.94,102,102.74
10139,8,2003-07-16,Shipped,Vintage Cars,S18_2795,41,100.0,7956.46,168,194.06
10140,4,2003-07-24,Shipped,Classic Cars,S10_4962,26,100.0,3188.12,147,122.61999999999999
10140,6,2003-07-24,Shipped,Classic Cars,S700_2824,36,100.0,4114.8,101,114.30000000000001
10140,9,2003-07-24,Shipped,Vintage Cars,S18_4668,29,43.27,1254.83,50,43.269999999999996
10140,11,2003-07-24,Shipped,Classic Cars,S10_1949,37,100.0,7374.1,214,199.3
10141,1,2003-08-01,Shipped,Classic Cars,S24_4048,40,94.62,3784.8,118,94.62
10141,2,2003-08-01,Shipped,Classic Cars,S24_1444,20,54.33,1086.6,57,54.33
10141,4,2003-08-01,Shipped,Classic Cars,S18_2238,39,100.0,5938.53,163,152.26999999999998
10141,6,2003-08-01,Shipped,Classic Cars,S24_2840,21,42.43,891.03,35,42.43
10141,9,2003-08-01,Shipped,Classic Cars,S18_3232,34,100.0,4836.5,169,142.25
10142,1,2003-08-08,Shipped,Vintage Cars,S24_3151,49,98.25,4814.25,88,98.25
10142,7,2003-08-08,Shipped,Vintage Cars,S18_4522,24,70.22,1685.28,87,70.22
10142,8,2003-08-08,Shipped,Vintage Cars,S18_3140,47,100.0,6034.33,136,128.39
10142,11,2003-08-08,Shipped,Classic Cars,S12_3891,46,100.0,9470.94,173,205.89000000000001
10142,12,2003-08-08,Shipped,Classic Cars,S12_1108,33,100.0,8023.29,207,243.13
10142,13,2003-08-08,Shipped,Classic Cars,S12_3148,33,100.0,4985.64,151,151.08
10142,15,2003-08-08,Shipped,Classic Cars,S18_4027,24,100.0,3791.52,143,157.98
10143,1,2003-08-10,Shipped,Vintage Cars,S50_1341,34,36.66,1246.44,43,36.660000000000004
10143,9,2003-08-10,Shipped,Vintage Cars,S24_3420,33,77.59,2560.47,65,77.58999999999999
10143,12,2003-08-10,Shipped,Vintage Cars,S18_3856,34,100.0,3455.76,105,101.64
10143,14,2003-08-10,Shipped,Vintage Cars,S24_3816,23,80.51,1851.73,83,80.51
10143,15,2003-08-10,Shipped,Classic Cars,S10_4757,49,100.0,5597.76,136,114.24000000000001
10144,1,2003-08-13,Shipped,Vintage Cars,S32_4289,20,81.86,1637.2,68,81.86
10146,1,2003-09-03,Shipped,Classic Cars,S18_4721,29,100.0,4444.54,148,153.26
10147,1,2003-09-05,Shipped,Classic Cars,S24_2972,25,42.67,1066.75,37,42.67
10147,2,2003-09-05,Shipped,Classic Cars,S24_3856,23,100.0,2906.97,140,126.38999999999999
10147,3,2003-09-05,Shipped,Classic Cars,S18_1889,26,82.39,2142.14,77,82.39
10147,4,2003-09-05,Shipped,Classic Cars,S12_4675,33,97.89,3230.37,115,97.89
10147,5,2003-09-05,Shipped,Classic Cars,S12_3380,31,100.0,3494.94,117,112.74
10147,6,2003-09-05,Shipped,Classic Cars,S24_3371,30,68.58,2057.4,61,68.58
10147,7,2003-09-05,Shipped,Classic Cars,S12_1099,48,100.0,9245.76,194,192.62
10147,8,2003-09-05,Shipped,Classic Cars,S12_3990,21,63.84,1340.64,79,63.84
10147,9,2003-09-05,Shipped,Classic Cars,S18_3482,37,100.0,4405.22,146,119.06
10147,10,2003-09-05,Shipped,Classic Cars,S18_3278,36,86.04,3097.44,80,86.04
10147,11,2003-09-05,Shipped,Classic Cars,S24_4620,31,64.67,2004.77,80,64.67
10148,1,2003-09-11,Shipped,Vintage Cars,S18_4409,34,100.0,3598.22,92,105.83
10148,2,2003-09-11,Shipped,Classic Cars,S18_4933,29,81.25,2356.25,71,81.25
10148,3,2003-09-11,Shipped,Classic Cars,S24_2887,34,100.0,4392.12,117,129.18
10148,4,2003-09-11,Shipped,Classic Cars,S24_2766,21,73.6,1545.6,90,73.6
10148,5,2003-09-11,Shipped,Classic Cars,S24_3191,31,73.62,2282.22,85,73.61999999999999
10148,6,2003-09-11,Shipped,Classic Cars,S24_1046,25,60.26,1506.5,73,60.26
10148,7,2003-09-11,Shipped,Classic Cars,S24_3432,27,100.0,3469.5,107,128.5
10148,8,2003-09-11,Shipped,Classic Cars,S24_1628,47,56.85,2671.95,50,56.849999999999994
10148,9,2003-09-11,Shipped,Classic Cars,S18_1589,47,100.0,5848.68,124,124.44000000000001
10148,10,2003-09-11,Shipped,Classic Cars,S18_2870,27,100.0,3528.36,132,130.68
10148,11,2003-09-11,Shipped,Classic Cars,S18_3685,28,100.0,3639.44,141,129.98
10148,12,2003-09-11,Shipped,Classic Cars,S18_1984,25,100.0,4232.0,142,169.28
10148,13,2003-09-11,Shipped,Classic Cars,S18_1129,23,100.0,2702.04,141,117.48
10148,14,2003-09-11,Shipped,Classic Cars,S18_3232,32,100.0,5418.88,169,169.34
10149,1,2003-09-12,Shipped,Vintage Cars,S24_4258,20,90.57,1811.4,97,90.57000000000001
10149,2,2003-09-12,Shipped,Vintage Cars,S18_3320,42,94.25,3958.5,99,94.25
10149,3,2003-09-12,Shipped,Vintage Cars,S18_1367,30,58.22,1746.6,53,58.22
10149,4,2003-09-12,Shipped,Vintage Cars,S18_1342,50,100.0,5907.5,102,118.15
10149,5,2003-09-12,Shipped,Vintage Cars,S18_2795,23,100.0,4230.62,168,183.94
10149,6,2003-09-12,Shipped,Vintage Cars,S24_2022,49,49.28,2414.72,44,49.279999999999994
10149,7,2003-09-12,Shipped,Vintage Cars,S24_1937,36,33.19,1194.84,33,33.19
10149,8,2003-09-12,Shipped,Vintage Cars,S18_2325,33,100.0,4950.33,127,150.01
10149,9,2003-09-12,Shipped,Vintage Cars,S24_3969,26,38.98,1013.48,41,38.980000000000004
10149,10,2003-09-12,Shipped,Vintage Cars,S18_2248,24,62.36,1496.64,60,62.36000000000001
10149,11,2003-09-12,Shipped,Vintage Cars,S18_1749,34,100.0,5375.4,170,158.1
10150,1,2003-09-19,Shipped,Classic Cars,S10_4962,20,100.0,3191.2,147,159.56
10150,3,2003-09-19,Shipped,Classic Cars,S700_2824,20,100.0,2104.0,101,105.2
10150,6,2003-09-19,Shipped,Vintage Cars,S18_4668,30,42.76,1282.8,50,42.76
10150,8,2003-09-19,Shipped,Classic Cars,S10_1949,45,100.0,10993.5,214,244.3
10150,9,2003-09-19,Shipped,Vintage Cars,S18_2949,47,91.18,4285.46,101,91.18
10150,10,2003-09-19,Shipped,Vintage Cars,S18_3136,26,100.0,2804.36,104,107.86
10150,11,2003-09-19,Shipped,Vintage Cars,S18_2957,30,49.97,1499.1,62,49.97
10151,2,2003-09-21,Shipped,Classic Cars,S18_2238,43,100.0,7110.91,163,165.37
10151,4,2003-09-21,Shipped,Classic Cars,S24_2840,30,40.31,1209.3,35,40.309999999999995
10151,7,2003-09-21,Shipped,Classic Cars,S18_3232,21,100.0,3734.01,169,177.81
10152,1,2003-09-25,Shipped,Classic Cars,S18_4027,35,100.0,4524.1,143,129.26000000000002
10152,3,2003-09-25,Shipped,Classic Cars,S24_4048,23,100.0,2802.09,118,121.83000000000001
10152,4,2003-09-25,Shipped,Classic Cars,S24_1444,25,65.31,1632.75,57,65.31
10153,6,2003-09-28,Shipped,Vintage Cars,S18_4522,22,83.38,1834.36,87,83.38
10153,7,2003-09-28,Shipped,Vintage Cars,S18_3140,31,100.0,3641.57,136,117.47
10153,10,2003-09-28,Shipped,Classic Cars,S12_3891,49,100.0,7036.89,173,143.61
10153,11,2003-09-28,Shipped,Classic Cars,S12_1108,20,100.0,4904.0,207,245.2
10153,12,2003-09-28,Shipped,Classic Cars,S12_3148,42,100.0,5393.64,151,128.42000000000002
10154,2,2003-10-02,Shipped,Vintage Cars,S24_3151,31,91.17,2826.27,88,91.17
10300,1,2003-10-04,Shipped,Classic Cars,S18_1889,41,92.4,3788.4,77,92.4
10300,2,2003-10-04,Shipped,Classic Cars,S12_4675,23,100.0,2807.61,115,122.07000000000001
10300,3,2003-10-04,Shipped,Classic Cars,S12_3380,29,100.0,3984.6,117,137.4
10300,4,2003-10-04,Shipped,Classic Cars,S24_3371,31,58.78,1822.18,61,58.78
10300,5,2003-10-04,Shipped,Classic Cars,S12_1099,33,100.0,5521.89,194,167.33
10300,6,2003-10-04,Shipped,Classic Cars,S12_3990,22,76.61,1685.42,79,76.61
10300,7,2003-10-04,Shipped,Classic Cars,S18_3482,23,100.0,3786.49,146,164.63
10300,8,2003-10-04,Shipped,Classic Cars,S18_3278,49,78.8,3861.2,80,78.8
10301,1,2003-10-05,Shipped,Classic Cars,S24_1046,27,72.02,1944.54,73,72.02
10301,2,2003-10-05,Shipped,Classic Cars,S24_3432,22,96.37,2120.14,107,96.36999999999999
10301,3,2003-10-05,Shipped,Classic Cars,S24_1628,22,51.32,1129.04,50,51.32
10301,4,2003-10-05,Shipped,Classic Cars,S18_1589,32,100.0,3424.64,124,107.02
10301,5,2003-10-05,Shipped,Classic Cars,S18_2870,22,100.0,3223.44,132,146.52
10301,6,2003-10-05,Shipped,Classic Cars,S18_3685,39,100.0,6446.7,141,165.29999999999998
10301,7,2003-10-05,Shipped,Classic Cars,S18_1984,47,100.0,7488.04,142,159.32
10301,8,2003-10-05,Shipped,Classic Cars,S18_1129,37,100.0,5917.78,141,159.94
10301,9,2003-10-05,Shipped,Classic Cars,S18_3232,23,100.0,4011.66,169,174.42
10301,10,2003-10-05,Shipped,Classic Cars,S24_2972,48,34.36,1649.28,37,34.36
10301,11,2003-10-05,Shipped,Classic Cars,S24_3856,50,100.0,7723.5,140,154.47
10155,7,2003-10-06,Shipped,Vintage Cars,S24_3420,34,55.89,1900.26,65,55.89
10155,10,2003-10-06,Shipped,Vintage Cars,S18_3856,29,100.0,3622.97,105,124.92999999999999
10155,12,2003-10-06,Shipped,Vintage Cars,S24_3816,37,67.93,2513.41,83,67.92999999999999
10155,13,2003-10-06,Shipped,Classic Cars,S10_4757,32,100.0,4526.08,136,141.44
10302,1,2003-10-06,Shipped,Vintage Cars,S18_1749,43,100.0,7310.0,170,170.0
10302,2,2003-10-06,Shipped,Vintage Cars,S18_4409,38,89.27,3392.26,92,89.27000000000001
10302,3,2003-10-06,Shipped,Classic Cars,S18_4933,23,72.7,1672.1,71,72.7
10302,4,2003-10-06,Shipped,Classic Cars,S24_2887,45,100.0,5548.95,117,123.31
10302,5,2003-10-06,Shipped,Classic Cars,S24_2766,49,100.0,5298.86,90,108.13999999999999
10302,6,2003-10-06,Shipped,Classic Cars,S24_3191,48,74.48,3575.04,85,74.48
10156,1,2003-10-08,Shipped,Vintage Cars,S50_1341,20,41.02,820.4,43,41.019999999999996
10159,1,2003-10-10,Shipped,Classic Cars,S24_3371,50,69.8,3490.0,61,69.8
10159,2,2003-10-10,Shipped,Classic Cars,S12_1099,41,100.0,8296.35,194,202.35000000000002
10159,3,2003-10-10,Shipped,Classic Cars,S12_3990,24,73.42,1762.08,79,73.42
10159,4,2003-10-10,Shipped,Classic Cars,S18_3482,25,100.0,3638.0,146,145.52
10159,5,2003-10-10,Shipped,Classic Cars,S18_3278,21,81.21,1705.41,80,81.21000000000001
10159,6,2003-10-10,Shipped,Classic Cars,S24_4620,23,67.1,1543.3,80,67.1
10159,7,2003-10-10,Shipped,Classic Cars,S18_4721,32,100.0,4618.88,148,144.34
10160,1,2003-10-11,Shipped,Classic Cars,S18_3232,20,100.0,3996.4,169,199.82
10160,2,2003-10-11,Shipped,Classic Cars,S24_2972,42,37.0,1554.0,37,37.0
10160,3,2003-10-11,Shipped,Classic Cars,S24_3856,35,100.0,4767.7,140,136.22
10160,4,2003-10-11,Shipped,Classic Cars,S18_1889,38,88.55,3364.9,77,88.55
10160,5,2003-10-11,Shipped,Classic Cars,S12_4675,50,100.0,5182.0,115,103.64
10160,6,2003-10-11,Shipped,Classic Cars,S12_3380,46,100.0,5294.14,117,115.09
10161,1,2003-10-17,Shipped,Classic Cars,S18_4933,25,80.54,2013.5,71,80.54
10161,2,2003-10-17,Shipped,Classic Cars,S24_2887,25,100.0,2759.75,117,110.39
10161,3,2003-10-17,Shipped,Classic Cars,S24_2766,20,100.0,2144.6,90,107.22999999999999
10161,4,2003-10-17,Shipped,Classic Cars,S24_3191,20,77.05,1541.0,85,77.05
10161,5,2003-10-17,Shipped,Classic Cars,S24_1046,37,72.76,2692.12,73,72.75999999999999
10161,6,2003-10-17,Shipped,Classic Cars,S24_3432,30,100.0,3148.2,107,104.94
10161,7,2003-10-17,Shipped,Classic Cars,S24_1628,23,53.33,1226.59,50,53.33
10161,8,2003-10-17,Shipped,Classic Cars,S18_1589,43,100.0,6153.73,124,143.10999999999999
10161,9,2003-10-17,Shipped,Classic Cars,S18_2870,23,100.0,3187.8,132,138.6
10161,10,2003-10-17,Shipped,Classic Cars,S18_3685,36,100.0,5544.0,141,154.0
10161,11,2003-10-17,Shipped,Classic Cars,S18_1984,48,100.0,6145.44,142,128.03
10161,12,2003-10-17,Shipped,Classic Cars,S18_1129,28,100.0,3764.88,141,134.46
10162,1,2003-10-18,Shipped,Vintage Cars,S18_1367,45,51.21,2304.45,53,51.209999999999994
10162,2,2003-10-18,Shipped,Vintage Cars,S18_1342,48,91.44,4389.12,102,91.44
10162,3,2003-10-18,Shipped,Vintage Cars,S18_2795,48,100.0,7209.12,168,150.19
10162,4,2003-10-18,Shipped,Vintage Cars,S24_2022,43,36.29,1560.47,44,36.29
10162,5,2003-10-18,Shipped,Vintage Cars,S24_1937,37,27.22,1007.14,33,27.22
10162,6,2003-10-18,Shipped,Vintage Cars,S18_2325,38,100.0,4299.7,127,113.14999999999999
10162,7,2003-10-18,Shipped,Vintage Cars,S24_3969,37,38.98,1442.26,41,38.98
10162,8,2003-10-18,Shipped,Vintage Cars,S18_2248,27,69.62,1879.74,60,69.62
10162,9,2003-10-18,Shipped,Vintage Cars,S18_1749,29,100.0,5176.5,170,178.5
10162,10,2003-10-18,Shipped,Vintage Cars,S18_4409,39,100.0,3912.09,92,100.31
10163,1,2003-10-20,Shipped,Classic Cars,S10_1949,21,100.0,4860.24,214,231.44
10163,2,2003-10-20,Shipped,Vintage Cars,S18_2949,31,100.0,3329.09,101,107.39
10163,3,2003-10-20,Shipped,Vintage Cars,S18_3136,40,100.0,4900.8,104,122.52000000000001
10163,4,2003-10-20,Shipped,Vintage Cars,S18_2957,48,69.96,3358.08,62,69.96
10163,5,2003-10-20,Shipped,Vintage Cars,S24_4258,42,91.55,3845.1,97,91.55
10163,6,2003-10-20,Shipped,Vintage Cars,S18_3320,43,100.0,4991.44,99,116.07999999999998
10164,2,2003-10-21,Resolved,Classic Cars,S10_4962,21,100.0,3536.82,147,168.42000000000002
10164,4,2003-10-21,Resolved,Classic Cars,S700_2824,39,81.93,3195.27,101,81.92999999999999
10164,7,2003-10-21,Resolved,Vintage Cars,S18_4668,25,53.83,1345.75,50,53.83
10166,1,2003-10-21,Shipped,Vintage Cars,S18_4522,26,73.73,1916.98,87,73.73
10166,2,2003-10-21,Shipped,Vintage Cars,S18_3140,43,100.0,6930.74,136,161.18
10165,2,2003-10-22,Shipped,Classic Cars,S12_3891,27,100.0,5559.03,173,205.89
10165,3,2003-10-22,Shipped,Classic Cars,S12_1108,44,100.0,8594.52,207,195.33
10165,4,2003-10-22,Shipped,Classic Cars,S12_3148,34,100.0,4880.02,151,143.53
10165,6,2003-10-22,Shipped,Classic Cars,S18_4027,28,100.0,3337.6,143,119.2
10165,8,2003-10-22,Shipped,Classic Cars,S24_4048,24,99.36,2384.64,118,99.36
10165,9,2003-10-22,Shipped,Classic Cars,S24_1444,25,69.36,1734.0,57,69.36
10165,11,2003-10-22,Shipped,Classic Cars,S18_2238,29,100.0,5032.95,163,173.54999999999998
10165,13,2003-10-22,Shipped,Classic Cars,S24_2840,27,31.82,859.14,35,31.82
10165,16,2003-10-22,Shipped,Classic Cars,S18_3232,47,100.0,8754.69,169,186.27
10168,12,2003-10-28,Shipped,Vintage Cars,S32_4289,31,73.61,2281.91,68,73.61
10168,13,2003-10-28,Shipped,Vintage Cars,S50_1341,48,51.93,2492.64,43,51.93
10169,1,2003-11-04,Shipped,Classic Cars,S24_3371,34,50.21,1707.14,61,50.21
10169,2,2003-11-04,Shipped,Classic Cars,S12_1099,30,100.0,5019.9,194,167.32999999999998
10169,3,2003-11-04,Shipped,Classic Cars,S12_3990,36,63.84,2298.24,79,63.839999999999996
10169,4,2003-11-04,Shipped,Classic Cars,S18_3482,36,100.0,4444.92,146,123.47
10169,5,2003-11-04,Shipped,Classic Cars,S18_3278,32,70.76,2264.32,80,70.76
10169,6,2003-11-04,Shipped,Classic Cars,S24_4620,24,94.58,2269.92,80,94.58
10169,7,2003-11-04,Shipped,Classic Cars,S18_4721,33,100.0,4910.4,148,148.79999999999998
10170,1,2003-11-04,Shipped,Classic Cars,S24_3856,34,100.0,3819.56,140,112.34
10170,2,2003-11-04,Shipped,Classic Cars,S18_1889,20,63.14,1262.8,77,63.14
10170,3,2003-11-04,Shipped,Classic Cars,S12_4675,41,100.0,4391.1,115,107.10000000000001
10170,4,2003-11-04,Shipped,Classic Cars,S12_3380,47,100.0,5464.69,117,116.27
10171,1,2003-11-05,Shipped,Classic Cars,S18_1984,35,100.0,4680.2,142,133.72
10171,2,2003-11-05,Shipped,Classic Cars,S18_1129,35,100.0,4508.0,141,128.8
10171,3,2003-11-05,Shipped,Classic Cars,S18_3232,39,100.0,5481.45,169,140.54999999999998
10171,4,2003-11-05,Shipped,Classic Cars,S24_2972,36,35.49,1277.64,37,35.49
10172,1,2003-11-05,Shipped,Classic Cars,S24_2766,22,74.51,1639.22,90,74.51
10172,2,2003-11-05,Shipped,Classic Cars,S24_3191,24,81.33,1951.92,85,81.33
10172,3,2003-11-05,Shipped,Classic Cars,S24_1046,32,75.69,2422.08,73,75.69
10172,4,2003-11-05,Shipped,Classic Cars,S24_3432,22,98.51,2167.22,107,98.50999999999999
10172,5,2003-11-05,Shipped,Classic Cars,S24_1628,34,42.76,1453.84,50,42.76
10172,6,2003-11-05,Shipped,Classic Cars,S18_1589,42,100.0,4965.24,124,118.22
10172,7,2003-11-05,Shipped,Classic Cars,S18_2870,39,100.0,6023.16,132,154.44
10172,8,2003-11-05,Shipped,Classic Cars,S18_3685,48,100.0,5493.12,141,114.44
10173,1,2003-11-05,Shipped,Vintage Cars,S18_3136,31,89.01,2759.31,104,89.01
10173,2,2003-11-05,Shipped,Vintage Cars,S18_2957,28,53.72,1504.16,62,53.720000000000006
10173,3,2003-11-05,Shipped,Vintage Cars,S24_4258,22,100.0,2571.14,97,116.86999999999999
10173,4,2003-11-05,Shipped,Vintage Cars,S18_3320,29,95.24,2761.96,99,95.24
10173,5,2003-11-05,Shipped,Vintage Cars,S18_1367,48,44.21,2122.08,53,44.21
10173,6,2003-11-05,Shipped,Vintage Cars,S18_1342,43,100.0,5036.16,102,117.11999999999999
10173,7,2003-11-05,Shipped,Vintage Cars,S18_2795,22,100.0,3452.68,168,156.94
10173,8,2003-11-05,Shipped,Vintage Cars,S24_2022,27,41.22,1112.94,44,41.22
10173,9,2003-11-05,Shipped,Vintage Cars,S24_1937,31,31.53,977.43,33,31.529999999999998
10173,10,2003-11-05,Shipped,Vintage Cars,S18_2325,31,100.0,4492.83,127,144.93
10173,11,2003-11-05,Shipped,Vintage Cars,S24_3969,35,33.23,1163.05,41,33.23
10173,12,2003-11-05,Shipped,Vintage Cars,S18_2248,26,57.51,1495.26,60,57.51
10173,13,2003-11-05,Shipped,Vintage Cars,S18_1749,24,100.0,3508.8,170,146.20000000000002
10173,14,2003-11-05,Shipped,Vintage Cars,S18_4409,21,75.46,1584.66,92,75.46000000000001
10173,15,2003-11-05,Shipped,Classic Cars,S18_4933,39,71.98,2807.22,71,71.97999999999999
10173,16,2003-11-05,Shipped,Classic Cars,S24_2887,23,100.0,2728.03,117,118.61000000000001
10174,2,2003-11-06,Shipped,Vintage Cars,S18_4668,49,44.78,2194.22,50,44.779999999999994
10174,4,2003-11-06,Shipped,Classic Cars,S10_1949,34,100.0,8014.82,214,235.73
10174,5,2003-11-06,Shipped,Vintage Cars,S18_2949,46,100.0,5592.22,101,121.57000000000001
10175,2,2003-11-06,Shipped,Classic Cars,S24_2840,37,31.12,1151.44,35,31.12
10175,5,2003-11-06,Shipped,Classic Cars,S18_3232,29,100.0,4419.89,169,152.41000000000003
10175,9,2003-11-06,Shipped,Classic Cars,S10_4962,33,100.0,5362.83,147,162.51
10175,11,2003-11-06,Shipped,Classic Cars,S700_2824,42,85.98,3611.16,101,85.97999999999999
10176,1,2003-11-06,Shipped,Classic Cars,S12_3891,50,100.0,7872.5,173,157.45
10176,2,2003-11-06,Shipped,Classic Cars,S12_1108,33,100.0,7474.5,207,226.5
10176,3,2003-11-06,Shipped,Classic Cars,S12_3148,47,100.0,8378.69,151,178.27
10176,5,2003-11-06,Shipped,Classic Cars,S18_4027,36,100.0,5532.12,143,153.67
10176,7,2003-11-06,Shipped,Classic Cars,S24_4048,29,100.0,2915.66,118,100.53999999999999
10176,8,2003-11-06,Shipped,Classic Cars,S24_1444,27,68.78,1857.06,57,68.78
10176,10,2003-11-06,Shipped,Classic Cars,S18_2238,20,100.0,3667.6,163,183.38
10177,2,2003-11-07,Shipped,Vintage Cars,S24_3151,45,72.58,3266.1,88,72.58
10177,8,2003-11-07,Shipped,Vintage Cars,S18_4522,35,74.6,2611.0,87,74.6
10177,9,2003-11-07,Shipped,Vintage Cars,S18_3140,23,100.0,3675.63,136,159.81
10178,6,2003-11-08,Shipped,Vintage Cars,S24_3420,27,73.64,1988.28,65,73.64
10178,9,2003-11-08,Shipped,Vintage Cars,S18_3856,48,100.0,5386.56,105,112.22000000000001
10178,11,2003-11-08,Shipped,Vintage Cars,S24_3816,21,72.12,1514.52,83,72.12
10178,12,2003-11-08,Shipped,Classic Cars,S10_4757,24,100.0,3492.48,136,145.52
10180,1,2003-11-11,Shipped,Classic Cars,S24_4620,28,71.14,1991.92,80,71.14
10180,2,2003-11-11,Shipped,Classic Cars,S18_4721,44,100.0,5565.12,148,126.48
10181,1,2003-11-12,Shipped,Classic Cars,S24_1628,34,53.83,1830.22,50,53.83
10181,2,2003-11-12,Shipped,Classic Cars,S18_1589,42,100.0,5435.64,124,129.42000000000002
10181,3,2003-11-12,Shipped,Classic Cars,S18_2870,27,100.0,3884.76,132,143.88
10181,4,2003-11-12,Shipped,Classic Cars,S18_3685,39,100.0,5785.26,141,148.34
10181,5,2003-11-12,Shipped,Classic Cars,S18_1984,21,100.0,3286.08,142,156.48
10181,6,2003-11-12,Shipped,Classic Cars,S18_1129,44,100.0,5418.16,141,123.14
10181,7,2003-11-12,Shipped,Classic Cars,S18_3232,45,100.0,6324.75,169,140.55
10181,8,2003-11-12,Shipped,Classic Cars,S24_2972,37,42.67,1578.79,37,42.67
10181,9,2003-11-12,Shipped,Classic Cars,S24_3856,25,100.0,3861.75,140,154.47
10181,10,2003-11-12,Shipped,Classic Cars,S18_1889,22,73.92,1626.24,77,73.92
10181,11,2003-11-12,Shipped,Classic Cars,S12_4675,36,100.0,4477.32,115,124.36999999999999
10181,12,2003-11-12,Shipped,Classic Cars,S12_3380,28,100.0,2860.76,117,102.17
10181,13,2003-11-12,Shipped,Classic Cars,S24_3371,23,65.52,1506.96,61,65.52
10181,14,2003-11-12,Shipped,Classic Cars,S12_1099,27,100.0,5411.07,194,200.41
10181,15,2003-11-12,Shipped,Classic Cars,S12_3990,20,81.4,1628.0,79,81.4
10181,16,2003-11-12,Shipped,Classic Cars,S18_3482,22,100.0,3395.48,146,154.34
10181,17,2003-11-12,Shipped,Classic Cars,S18_3278,30,82.82,2484.6,80,82.82
10182,1,2003-11-12,Shipped,Vintage Cars,S18_3320,33,86.31,2848.23,99,86.31
10182,2,2003-11-12,Shipped,Vintage Cars,S18_1367,32,54.45,1742.4,53,54.45
10182,3,2003-11-12,Shipped,Vintage Cars,S18_1342,25,87.33,2183.25,102,87.33
10182,4,2003-11-12,Shipped,Vintage Cars,S18_2795,21,100.0,3047.73,168,145.13
10182,5,2003-11-12,Shipped,Vintage Cars,S24_2022,31,36.74,1138.94,44,36.74
10182,6,2003-11-12,Shipped,Vintage Cars,S24_1937,39,36.84,1436.76,33,36.839999999999996
10182,7,2003-11-12,Shipped,Vintage Cars,S18_2325,20,100.0,2212.0,127,110.6
10182,8,2003-11-12,Shipped,Vintage Cars,S24_3969,23,42.26,971.98,41,42.26
10182,9,2003-11-12,Shipped,Vintage Cars,S18_2248,38,61.15,2323.7,60,61.15
10182,10,2003-11-12,Shipped,Vintage Cars,S18_1749,44,100.0,7554.8,170,171.70000000000002
10182,11,2003-11-12,Shipped,Vintage Cars,S18_4409,36,100.0,3942.72,92,109.52
10182,12,2003-11-12,Shipped,Classic Cars,S18_4933,44,69.84,3072.96,71,69.84
10182,13,2003-11-12,Shipped,Classic Cars,S24_2887,20,100.0,2395.8,117,119.79
10182,14,2003-11-12,Shipped,Classic Cars,S24_2766,36,73.6,2649.6,90,73.6
10182,15,2003-11-12,Shipped,Classic Cars,S24_3191,33,94.17,3107.61,85,94.17
10182,16,2003-11-12,Shipped,Classic Cars,S24_1046,47,74.22,3488.34,73,74.22
10182,17,2003-11-12,Shipped,Classic Cars,S24_3432,49,100.0,6244.07,107,127.42999999999999
10183,1,2003-11-13,Shipped,Classic Cars,S10_4962,28,100.0,3433.36,147,122.62
10183,3,2003-11-13,Shipped,Classic Cars,S700_2824,23,86.99,2000.77,101,86.99
10183,6,2003-11-13,Shipped,Vintage Cars,S18_4668,40,49.3,1972.0,50,49.3
10183,8,2003-11-13,Shipped,Classic Cars,S10_1949,23,100.0,5372.57,214,233.58999999999997
10183,9,2003-11-13,Shipped,Vintage Cars,S18_2949,37,89.15,3298.55,101,89.15
10183,10,2003-11-13,Shipped,Vintage Cars,S18_3136,22,100.0,2488.2,104,113.1
10183,11,2003-11-13,Shipped,Vintage Cars,S18_2957,39,68.08,2655.12,62,68.08
10183,12,2003-11-13,Shipped,Vintage Cars,S24_4258,47,100.0,5035.11,97,107.13
10184,2,2003-11-14,Shipped,Classic Cars,S24_4048,49,100.0,5795.72,118,118.28
10184,3,2003-11-14,Shipped,Classic Cars,S24_1444,31,60.11,1863.41,57,60.11
10184,5,2003-11-14,Shipped,Classic Cars,S18_2238,46,100.0,7381.16,163,160.46
10184,7,2003-11-14,Shipped,Classic Cars,S24_2840,42,31.82,1336.44,35,31.82
10184,10,2003-11-14,Shipped,Classic Cars,S18_3232,28,100.0,4409.72,169,157.49
10185,2,2003-11-14,Shipped,Vintage Cars,S24_3151,33,74.35,2453.55,88,74.35000000000001
10185,8,2003-11-14,Shipped,Vintage Cars,S18_4522,47,77.24,3630.28,87,77.24000000000001
10185,9,2003-11-14,Shipped,Vintage Cars,S18_3140,28,100.0,3442.04,136,122.92999999999999
10185,12,2003-11-14,Shipped,Classic Cars,S12_3891,43,100.0,7886.2,173,183.4
10185,13,2003-11-14,Shipped,Classic Cars,S12_1108,21,100.0,3883.74,207,184.94
10185,14,2003-11-14,Shipped,Classic Cars,S12_3148,33,100.0,4038.21,151,122.37
10185,16,2003-11-14,Shipped,Classic Cars,S18_4027,39,100.0,5096.91,143,130.69
10186,3,2003-11-14,Shipped,Vintage Cars,S24_3420,21,69.04,1449.84,65,69.03999999999999
10186,6,2003-11-14,Shipped,Vintage Cars,S18_3856,46,100.0,4918.78,105,106.92999999999999
10186,8,2003-11-14,Shipped,Vintage Cars,S24_3816,36,85.54,3079.44,83,85.54
10186,9,2003-11-14,Shipped,Classic Cars,S10_4757,26,100.0,3854.24,136,148.23999999999998
10191,1,2003-11-20,Shipped,Classic Cars,S12_3380,40,100.0,5590.0,117,139.75
10191,2,2003-11-20,Shipped,Classic Cars,S24_3371,48,60.01,2880.48,61,60.01
10191,3,2003-11-20,Shipped,Classic Cars,S12_1099,21,100.0,3840.9,194,182.9
10191,4,2003-11-20,Shipped,Classic Cars,S12_3990,30,64.64,1939.2,79,64.64
10191,5,2003-11-20,Shipped,Classic Cars,S18_3482,23,100.0,3414.58,146,148.46
10191,6,2003-11-20,Shipped,Classic Cars,S18_3278,36,94.88,3415.68,80,94.88
10191,7,2003-11-20,Shipped,Classic Cars,S24_4620,44,66.29,2916.76,80,66.29
10191,8,2003-11-20,Shipped,Classic Cars,S18_4721,32,100.0,4237.76,148,132.43
10192,1,2003-11-20,Shipped,Classic Cars,S24_2887,23,100.0,3052.33,117,132.71
10192,2,2003-11-20,Shipped,Classic Cars,S24_2766,46,83.6,3845.6,90,83.6
10192,3,2003-11-20,Shipped,Classic Cars,S24_3191,32,72.77,2328.64,85,72.77
10192,4,2003-11-20,Shipped,Classic Cars,S24_1046,37,69.82,2583.34,73,69.82000000000001
10192,5,2003-11-20,Shipped,Classic Cars,S24_3432,46,100.0,5566.0,107,121.0
10192,6,2003-11-20,Shipped,Classic Cars,S24_1628,47,53.83,2530.01,50,53.830000000000005
10192,7,2003-11-20,Shipped,Classic Cars,S18_1589,29,100.0,4258.36,124,146.83999999999997
10192,8,2003-11-20,Shipped,Classic Cars,S18_2870,38,100.0,4965.84,132,130.68
10192,9,2003-11-20,Shipped,Classic Cars,S18_3685,45,100.0,5340.6,141,118.68
10192,10,2003-11-20,Shipped,Classic Cars,S18_1984,47,100.0,7421.3,142,157.9
10192,11,2003-11-20,Shipped,Classic Cars,S18_1129,22,100.0,3300.66,141,150.03
10192,12,2003-11-20,Shipped,Classic Cars,S18_3232,26,100.0,3918.46,169,150.71
10192,13,2003-11-20,Shipped,Classic Cars,S24_2972,30,30.59,917.7,37,30.59
10192,14,2003-11-20,Shipped,Classic Cars,S24_3856,45,100.0,6319.35,140,140.43
10192,15,2003-11-20,Shipped,Classic Cars,S18_1889,45,90.86,4088.7,77,90.86
10192,16,2003-11-20,Shipped,Classic Cars,S12_4675,27,100.0,3544.56,115,131.28
10193,1,2003-11-21,Shipped,Vintage Cars,S18_2949,28,93.21,2609.88,101,93.21000000000001
10193,2,2003-11-21,Shipped,Vintage Cars,S18_3136,23,100.0,2769.89,104,120.42999999999999
10193,3,2003-11-21,Shipped,Vintage Cars,S18_2957,24,51.84,1244.16,62,51.84
10193,4,2003-11-21,Shipped,Vintage Cars,S24_4258,20,100.0,2279.0,97,113.95
10193,5,2003-11-21,Shipped,Vintage Cars,S18_3320,32,79.37,2539.84,99,79.37
10193,6,2003-11-21,Shipped,Vintage Cars,S18_1367,46,53.37,2455.02,53,53.37
10193,7,2003-11-21,Shipped,Vintage Cars,S18_1342,28,100.0,3106.88,102,110.96000000000001
10193,8,2003-11-21,Shipped,Vintage Cars,S18_2795,22,100.0,3675.32,168,167.06
10193,9,2003-11-21,Shipped,Vintage Cars,S24_2022,20,50.62,1012.4,44,50.62
10193,10,2003-11-21,Shipped,Vintage Cars,S24_1937,26,29.21,759.46,33,29.21
10193,11,2003-11-21,Shipped,Vintage Cars,S18_2325,44,100.0,4642.88,127,105.52
10193,12,2003-11-21,Shipped,Vintage Cars,S24_3969,22,41.03,902.66,41,41.03
10193,13,2003-11-21,Shipped,Vintage Cars,S18_2248,42,59.33,2491.86,60,59.330000000000005
10193,14,2003-11-21,Shipped,Vintage Cars,S18_1749,21,100.0,3141.6,170,149.6
10193,15,2003-11-21,Shipped,Vintage Cars,S18_4409,24,97.55,2341.2,92,97.55
10193,16,2003-11-21,Shipped,Classic Cars,S18_4933,25,76.26,1906.5,71,76.26
10194,4,2003-11-25,Shipped,Classic Cars,S10_4962,26,100.0,4263.74,147,163.98999999999998
10194,6,2003-11-25,Shipped,Classic Cars,S700_2824,26,89.01,2314.26,101,89.01
10194,9,2003-11-25,Shipped,Vintage Cars,S18_4668,41,44.78,1835.98,50,44.78
10194,11,2003-11-25,Shipped,Classic Cars,S10_1949,42,100.0,7290.36,214,173.57999999999998
10195,2,2003-11-25,Shipped,Classic Cars,S24_4048,34,100.0,3699.88,118,108.82000000000001
10195,3,2003-11-25,Shipped,Classic Cars,S24_1444,44,66.47,2924.68,57,66.47
10195,5,2003-11-25,Shipped,Classic Cars,S18_2238,27,100.0,5128.11,163,189.92999999999998
10195,7,2003-11-25,Shipped,Classic Cars,S24_2840,32,28.29,905.28,35,28.29
10195,10,2003-11-25,Shipped,Classic Cars,S18_3232,50,100.0,7620.5,169,152.41
10196,1,2003-11-26,Shipped,Vintage Cars,S18_3140,49,100.0,6893.81,136,140.69
10196,4,2003-11-26,Shipped,Classic Cars,S12_3891,38,100.0,7232.16,173,190.32
10196,5,2003-11-26,Shipped,Classic Cars,S12_1108,47,100.0,8887.7,207,189.10000000000002
10196,6,2003-11-26,Shipped,Classic Cars,S12_3148,24,100.0,3807.12,151,158.63
10196,8,2003-11-26,Shipped,Classic Cars,S18_4027,27,100.0,4537.08,143,168.04
10197,3,2003-11-26,Shipped,Vintage Cars,S18_3856,22,100.0,2538.8,105,115.4
10197,5,2003-11-26,Shipped,Vintage Cars,S24_3816,22,86.38,1900.36,83,86.38
10197,6,2003-11-26,Shipped,Classic Cars,S10_4757,45,100.0,5324.4,136,118.32
10197,8,2003-11-26,Shipped,Vintage Cars,S24_3151,47,83.2,3910.4,88,83.2
10197,14,2003-11-26,Shipped,Vintage Cars,S18_4522,50,100.0,5090.5,87,101.81
10198,6,2003-11-27,Shipped,Vintage Cars,S24_3420,27,71.67,1935.09,65,71.67
10199,1,2003-12-01,Shipped,Vintage Cars,S50_1341,29,38.4,1113.6,43,38.4
10203,1,2003-12-02,Shipped,Classic Cars,S18_3232,48,100.0,8291.04,169,172.73000000000002
10203,2,2003-12-02,Shipped,Classic Cars,S24_2972,21,37.0,777.0,37,37.0
10203,3,2003-12-02,Shipped,Classic Cars,S24_3856,47,100.0,6996.42,140,148.86
10203,4,2003-12-02,Shipped,Classic Cars,S18_1889,45,85.47,3846.15,77,85.47
10203,5,2003-12-02,Shipped,Classic Cars,S12_4675,47,100.0,5195.85,115,110.55000000000001
10203,6,2003-12-02,Shipped,Classic Cars,S12_3380,20,100.0,2254.8,117,112.74000000000001
10203,7,2003-12-02,Shipped,Classic Cars,S24_3371,34,64.9,2206.6,61,64.89999999999999
10203,8,2003-12-02,Shipped,Classic Cars,S12_1099,20,100.0,3930.4,194,196.52
10203,9,2003-12-02,Shipped,Classic Cars,S12_3990,44,82.99,3651.56,79,82.99
10203,10,2003-12-02,Shipped,Classic Cars,S18_3482,32,100.0,5127.04,146,160.22
10203,11,2003-12-02,Shipped,Classic Cars,S18_3278,33,86.04,2839.32,80,86.04
10204,1,2003-12-02,Shipped,Vintage Cars,S18_2325,26,100.0,3206.32,127,123.32000000000001
10204,2,2003-12-02,Shipped,Vintage Cars,S24_3969,39,33.23,1295.97,41,33.230000000000004
10204,3,2003-12-02,Shipped,Vintage Cars,S18_2248,23,71.44,1643.12,60,71.44
10204,4,2003-12-02,Shipped,Vintage Cars,S18_1749,33,100.0,5890.5,170,178.5
10204,5,2003-12-02,Shipped,Vintage Cars,S18_4409,29,85.59,2482.11,92,85.59
10204,6,2003-12-02,Shipped,Classic Cars,S18_4933,45,76.26,3431.7,71,76.25999999999999
10204,7,2003-12-02,Shipped,Classic Cars,S24_2887,42,100.0,4242.0,117,101.0
10204,8,2003-12-02,Shipped,Classic Cars,S24_2766,47,96.32,4527.04,90,96.32
10204,9,2003-12-02,Shipped,Classic Cars,S24_3191,40,79.62,3184.8,85,79.62
10204,10,2003-12-02,Shipped,Classic Cars,S24_1046,20,62.47,1249.4,73,62.470000000000006
10204,11,2003-12-02,Shipped,Classic Cars,S24_3432,48,91.02,4368.96,107,91.02
10204,12,2003-12-02,Shipped,Classic Cars,S24_1628,45,49.81,2241.45,50,49.809999999999995
10204,13,2003-12-02,Shipped,Classic Cars,S18_1589,40,100.0,4032.0,124,100.8
10204,14,2003-12-02,Shipped,Classic Cars,S18_2870,27,100.0,4169.88,132,154.44
10204,15,2003-12-02,Shipped,Classic Cars,S18_3685,35,100.0,5735.8,141,163.88
10204,16,2003-12-02,Shipped,Classic Cars,S18_1984,38,100.0,6432.64,142,169.28
10204,17,2003-12-02,Shipped,Classic Cars,S18_1129,42,100.0,6182.4,141,147.2
10205,1,2003-12-03,Shipped,Vintage Cars,S18_1367,48,63.61,3053.28,53,63.61000000000001
10205,2,2003-12-03,Shipped,Vintage Cars,S18_1342,36,100.0,3735.72,102,103.77
10205,3,2003-12-03,Shipped,Vintage Cars,S18_2795,40,100.0,7492.4,168,187.31
10205,4,2003-12-03,Shipped,Vintage Cars,S24_2022,24,38.08,913.92,44,38.08
10205,5,2003-12-03,Shipped,Vintage Cars,S24_1937,32,37.17,1189.44,33,37.17
10206,1,2003-12-05,Shipped,Classic Cars,S700_2824,33,100.0,3871.89,101,117.33
10206,4,2003-12-05,Shipped,Vintage Cars,S18_4668,21,53.33,1119.93,50,53.330000000000005
10206,6,2003-12-05,Shipped,Classic Cars,S10_1949,47,100.0,9064.89,214,192.86999999999998
10206,7,2003-12-05,Shipped,Vintage Cars,S18_2949,37,90.17,3336.29,101,90.17
10206,8,2003-12-05,Shipped,Vintage Cars,S18_3136,30,100.0,3581.4,104,119.38000000000001
10206,9,2003-12-05,Shipped,Vintage Cars,S18_2957,28,67.46,1888.88,62,67.46000000000001
10206,10,2003-12-05,Shipped,Vintage Cars,S24_4258,33,97.39,3213.87,97,97.39
10206,11,2003-12-05,Shipped,Vintage Cars,S18_3320,28,87.3,2444.4,99,87.3
10207,1,2003-12-09,Shipped,Classic Cars,S18_4027,40,100.0,6146.8,143,153.67000000000002
10207,3,2003-12-09,Shipped,Classic Cars,S24_4048,28,100.0,2980.6,118,106.45
10207,4,2003-12-09,Shipped,Classic Cars,S24_1444,49,46.82,2294.18,57,46.81999999999999
10207,6,2003-12-09,Shipped,Classic Cars,S18_2238,44,100.0,7060.24,163,160.46
10207,8,2003-12-09,Shipped,Classic Cars,S24_2840,42,29.7,1247.4,35,29.700000000000003
10207,11,2003-12-09,Shipped,Classic Cars,S18_3232,25,100.0,3937.25,169,157.49
10207,15,2003-12-09,Shipped,Classic Cars,S10_4962,31,100.0,4076.19,147,131.49
10208,2,2004-01-02,Shipped,Vintage Cars,S24_3151,20,89.4,1788.0,88,89.4
10208,8,2004-01-02,Shipped,Vintage Cars,S18_4522,45,87.77,3949.65,87,87.77
10208,9,2004-01-02,Shipped,Vintage Cars,S18_3140,24,100.0,2622.48,136,109.27
10208,12,2004-01-02,Shipped,Classic Cars,S12_3891,20,100.0,3114.4,173,155.72
10208,13,2004-01-02,Shipped,Classic Cars,S12_1108,46,100.0,8602.92,207,187.02
10208,14,2004-01-02,Shipped,Classic Cars,S12_3148,26,100.0,3142.36,151,120.86
10209,2,2004-01-09,Shipped,Vintage Cars,S24_3420,36,77.59,2793.24,65,77.58999999999999
10209,5,2004-01-09,Shipped,Vintage Cars,S18_3856,20,100.0,2498.6,105,124.92999999999999
10209,7,2004-01-09,Shipped,Vintage Cars,S24_3816,22,89.73,1974.06,83,89.73
10209,8,2004-01-09,Shipped,Classic Cars,S10_4757,39,100.0,5197.92,136,133.28
10210,10,2004-01-12,Shipped,Vintage Cars,S32_4289,39,59.16,2307.24,68,59.16
10210,11,2004-01-12,Shipped,Vintage Cars,S50_1341,43,41.02,1763.86,43,41.019999999999996
10211,1,2004-01-15,Shipped,Classic Cars,S24_3371,48,48.98,2351.04,61,48.98
10211,2,2004-01-15,Shipped,Classic Cars,S12_1099,41,100.0,7498.9,194,182.89999999999998
10211,3,2004-01-15,Shipped,Classic Cars,S12_3990,28,92.57,2591.96,79,92.57000000000001
10211,4,2004-01-15,Shipped,Classic Cars,S18_3482,28,100.0,3745.28,146,133.76000000000002
10211,5,2004-01-15,Shipped,Classic Cars,S18_3278,35,78.0,2730.0,80,78.0
10211,6,2004-01-15,Shipped,Classic Cars,S24_4620,22,92.16,2027.52,80,92.16
10211,7,2004-01-15,Shipped,Classic Cars,S18_4721,41,100.0,5673.58,148,138.38
10212,1,2004-01-16,Shipped,Classic Cars,S24_2766,45,88.14,3966.3,90,88.14
10212,2,2004-01-16,Shipped,Classic Cars,S24_3191,27,79.62,2149.74,85,79.61999999999999
10212,3,2004-01-16,Shipped,Classic Cars,S24_1046,41,82.31,3374.71,73,82.31
10212,4,2004-01-16,Shipped,Classic Cars,S24_3432,46,87.81,4039.26,107,87.81
10212,5,2004-01-16,Shipped,Classic Cars,S24_1628,45,53.33,2399.85,50,53.33
10212,6,2004-01-16,Shipped,Classic Cars,S18_1589,38,100.0,4492.36,124,118.21999999999998
10212,7,2004-01-16,Shipped,Classic Cars,S18_2870,40,100.0,4910.4,132,122.75999999999999
10212,8,2004-01-16,Shipped,Classic Cars,S18_3685,45,100.0,6357.6,141,141.28
10212,9,2004-01-16,Shipped,Classic Cars,S18_1984,41,100.0,4840.87,142,118.07
10212,10,2004-01-16,Shipped,Classic Cars,S18_1129,29,100.0,4186.73,141,144.36999999999998
10212,11,2004-01-16,Shipped,Classic Cars,S18_3232,40,100.0,5554.4,169,138.85999999999999
10212,12,2004-01-16,Shipped,Classic Cars,S24_2972,34,43.42,1476.28,37,43.42
10212,13,2004-01-16,Shipped,Classic Cars,S24_3856,49,100.0,6949.67,140,141.83
10212,14,2004-01-16,Shipped,Classic Cars,S18_1889,20,66.99,1339.8,77,66.99
10212,15,2004-01-16,Shipped,Classic Cars,S12_4675,33,100.0,4180.44,115,126.67999999999999
10212,16,2004-01-16,Shipped,Classic Cars,S12_3380,39,100.0,4946.76,117,126.84
10213,1,2004-01-22,Shipped,Vintage Cars,S18_4409,38,94.79,3602.02,92,94.79
10213,2,2004-01-22,Shipped,Classic Cars,S18_4933,25,83.39,2084.75,71,83.39
10213,3,2004-01-22,Shipped,Classic Cars,S24_2887,27,100.0,2790.45,117,103.35
10214,1,2004-01-26,Shipped,Vintage Cars,S18_2795,50,100.0,9534.5,168,190.69
10214,2,2004-01-26,Shipped,Vintage Cars,S24_2022,49,47.94,2349.06,44,47.94
10214,3,2004-01-26,Shipped,Vintage Cars,S24_1937,20,34.19,683.8,33,34.19
10214,4,2004-01-26,Shipped,Vintage Cars,S18_2325,27,100.0,3604.23,127,133.49
10214,5,2004-01-26,Shipped,Vintage Cars,S24_3969,44,34.88,1534.72,41,34.88
10214,6,2004-01-26,Shipped,Vintage Cars,S18_2248,21,62.96,1322.16,60,62.96
10214,7,2004-01-26,Shipped,Vintage Cars,S18_1749,30,100.0,5967.0,170,198.9
10215,1,2004-01-29,Shipped,Vintage Cars,S18_4668,46,45.28,2082.88,50,45.28
10215,3,2004-01-29,Shipped,Classic Cars,S10_1949,35,100.0,6075.3,214,173.58
10215,4,2004-01-29,Shipped,Vintage Cars,S18_2949,49,100.0,5510.05,101,112.45
10215,5,2004-01-29,Shipped,Vintage Cars,S18_3136,49,100.0,5285.14,104,107.86000000000001
10215,6,2004-01-29,Shipped,Vintage Cars,S18_2957,31,58.71,1820.01,62,58.71
10215,7,2004-01-29,Shipped,Vintage Cars,S24_4258,39,90.57,3532.23,97,90.57000000000001
10215,8,2004-01-29,Shipped,Vintage Cars,S18_3320,41,100.0,4555.92,99,111.12
10215,9,2004-01-29,Shipped,Vintage Cars,S18_1367,33,43.13,1423.29,53,43.129999999999995
10215,10,2004-01-29,Shipped,Vintage Cars,S18_1342,27,89.38,2413.26,102,89.38000000000001
10217,4,2004-02-04,Shipped,Classic Cars,S10_4962,48,100.0,7020.48,147,146.26
10217,6,2004-02-04,Shipped,Classic Cars,S700_2824,31,88.0,2728.0,101,88.0
10219,1,2004-02-10,Shipped,Classic Cars,S18_2238,43,100.0,8448.64,163,196.48
10219,3,2004-02-10,Shipped,Classic Cars,S24_2840,21,40.31,846.51,35,40.31
10220,1,2004-02-12,Shipped,Classic Cars,S12_3891,27,100.0,5045.22,173,186.86
10220,2,2004-02-12,Shipped,Classic Cars,S12_1108,32,100.0,7181.44,207,224.42
10220,3,2004-02-12,Shipped,Classic Cars,S12_3148,30,100.0,4713.6,151,157.12
10220,5,2004-02-12,Shipped,Classic Cars,S18_4027,50,100.0,8258.0,143,165.16
10220,7,2004-02-12,Shipped,Classic Cars,S24_4048,37,100.0,5032.74,118,136.01999999999998
10220,8,2004-02-12,Shipped,Classic Cars,S24_1444,26,56.07,1457.82,57,56.07
10221,2,2004-02-18,Shipped,Vintage Cars,S18_4522,39,89.53,3491.67,87,89.53
10221,3,2004-02-18,Shipped,Vintage Cars,S18_3140,33,100.0,4417.38,136,133.86
10222,6,2004-02-19,Shipped,Vintage Cars,S24_3420,43,70.35,3025.05,65,70.35000000000001
10222,9,2004-02-19,Shipped,Vintage Cars,S18_3856,45,85.75,3858.75,105,85.75
10222,11,2004-02-19,Shipped,Vintage Cars,S24_3816,46,80.51,3703.46,83,80.51
10222,12,2004-02-19,Shipped,Classic Cars,S10_4757,49,100.0,5997.6,136,122.4
10222,14,2004-02-19,Shipped,Vintage Cars,S24_3151,47,70.81,3328.07,88,70.81
10223,12,2004-02-20,Shipped,Vintage Cars,S32_4289,20,66.04,1320.8,68,66.03999999999999
10223,13,2004-02-20,Shipped,Vintage Cars,S50_1341,41,46.26,1896.66,43,46.260000000000005
10225,1,2004-02-22,Shipped,Classic Cars,S18_1129,32,100.0,4529.28,141,141.54
10225,2,2004-02-22,Shipped,Classic Cars,S18_3232,43,100.0,6407.86,169,149.01999999999998
10225,3,2004-02-22,Shipped,Classic Cars,S24_2972,42,36.63,1538.46,37,36.63
10225,4,2004-02-22,Shipped,Classic Cars,S24_3856,40,100.0,4550.0,140,113.75
10225,5,2004-02-22,Shipped,Classic Cars,S18_1889,47,64.68,3039.96,77,64.68
10225,6,2004-02-22,Shipped,Classic Cars,S12_4675,21,100.0,2684.43,115,127.83
10225,7,2004-02-22,Shipped,Classic Cars,S12_3380,25,99.82,2495.5,117,99.82
10225,8,2004-02-22,Shipped,Classic Cars,S24_3371,24,50.21,1205.04,61,50.21
10225,9,2004-02-22,Shipped,Classic Cars,S12_1099,27,100.0,4517.91,194,167.32999999999998
10225,10,2004-02-22,Shipped,Classic Cars,S12_3990,37,77.41,2864.17,79,77.41
10225,11,2004-02-22,Shipped,Classic Cars,S18_3482,27,100.0,4564.08,146,169.04
10225,12,2004-02-22,Shipped,Classic Cars,S18_3278,37,95.69,3540.53,80,95.69000000000001
10225,13,2004-02-22,Shipped,Classic Cars,S24_4620,46,70.33,3235.18,80,70.33
10225,14,2004-02-22,Shipped,Classic Cars,S18_4721,35,100.0,5260.15,148,150.29
10226,1,2004-02-26,Shipped,Classic Cars,S24_1046,21,60.26,1265.46,73,60.260000000000005
10226,2,2004-02-26,Shipped,Classic Cars,S24_3432,48,92.09,4420.32,107,92.08999999999999
10226,3,2004-02-26,Shipped,Classic Cars,S24_1628,36,43.27,1557.72,50,43.27
10226,4,2004-02-26,Shipped,Classic Cars,S18_1589,38,100.0,4161.38,124,109.51
10226,5,2004-02-26,Shipped,Classic Cars,S18_2870,24,100.0,3231.36,132,134.64000000000001
10226,6,2004-02-26,Shipped,Classic Cars,S18_3685,46,100.0,7343.9,141,159.65
10226,7,2004-02-26,Shipped,Classic Cars,S18_1984,24,100.0,3892.08,142,162.17
10227,1,2004-03-02,Shipped,Vintage Cars,S18_3320,33,100.0,3666.96,99,111.12
10227,2,2004-03-02,Shipped,Vintage Cars,S18_1367,31,48.52,1504.12,53,48.519999999999996
10227,3,2004-03-02,Shipped,Vintage Cars,S18_1342,25,100.0,2953.75,102,118.15
10227,4,2004-03-02,Shipped,Vintage Cars,S18_2795,29,100.0,5579.02,168,192.38000000000002
10227,5,2004-03-02,Shipped,Vintage Cars,S24_2022,24,48.38,1161.12,44,48.379999999999995
10227,6,2004-03-02,Shipped,Vintage Cars,S24_1937,42,29.21,1226.82,33,29.209999999999997
10227,7,2004-03-02,Shipped,Vintage Cars,S18_2325,46,100.0,7017.76,127,152.56
10227,8,2004-03-02,Shipped,Vintage Cars,S24_3969,27,43.9,1185.3,41,43.9
10227,9,2004-03-02,Shipped,Vintage Cars,S18_2248,28,50.85,1423.8,60,50.85
10227,10,2004-03-02,Shipped,Vintage Cars,S18_1749,26,100.0,3712.8,170,142.8
10227,11,2004-03-02,Shipped,Vintage Cars,S18_4409,34,100.0,3566.94,92,104.91
10227,12,2004-03-02,Shipped,Classic Cars,S18_4933,37,57.73,2136.01,71,57.730000000000004
10227,13,2004-03-02,Shipped,Classic Cars,S24_2887,33,100.0,4340.49,117,131.53
10227,14,2004-03-02,Shipped,Classic Cars,S24_2766,47,88.14,4142.58,90,88.14
10227,15,2004-03-02,Shipped,Classic Cars,S24_3191,40,79.62,3184.8,85,79.62
10228,2,2004-03-10,Shipped,Classic Cars,S10_1949,29,100.0,6463.23,214,222.86999999999998
10228,3,2004-03-10,Shipped,Vintage Cars,S18_2949,24,100.0,2504.4,101,104.35000000000001
10228,4,2004-03-10,Shipped,Vintage Cars,S18_3136,31,100.0,3181.53,104,102.63000000000001
10228,5,2004-03-10,Shipped,Vintage Cars,S18_2957,45,63.71,2866.95,62,63.709999999999994
10228,6,2004-03-10,Shipped,Vintage Cars,S24_4258,33,100.0,3406.59,97,103.23
10229,2,2004-03-11,Shipped,Classic Cars,S24_2840,33,32.88,1085.04,35,32.879999999999995
10229,5,2004-03-11,Shipped,Classic Cars,S18_3232,22,100.0,4172.52,169,189.66000000000003
10229,9,2004-03-11,Shipped,Classic Cars,S10_4962,50,100.0,6426.5,147,128.53
10229,11,2004-03-11,Shipped,Classic Cars,S700_2824,50,100.0,5614.0,101,112.28
10229,14,2004-03-11,Shipped,Vintage Cars,S18_4668,39,40.25,1569.75,50,40.25
10230,1,2004-03-15,Shipped,Classic Cars,S12_3148,43,100.0,7016.31,151,163.17000000000002
10230,3,2004-03-15,Shipped,Classic Cars,S18_4027,42,100.0,7238.28,143,172.34
10230,5,2004-03-15,Shipped,Classic Cars,S24_4048,45,100.0,4737.15,118,105.27
10230,6,2004-03-15,Shipped,Classic Cars,S24_1444,36,54.33,1955.88,57,54.330000000000005
10230,8,2004-03-15,Shipped,Classic Cars,S18_2238,49,100.0,7300.51,163,148.99
10231,1,2004-03-19,Shipped,Classic Cars,S12_3891,49,100.0,6952.12,173,141.88
10231,2,2004-03-19,Shipped,Classic Cars,S12_1108,42,100.0,8378.58,207,199.49
10232,5,2004-03-20,Shipped,Vintage Cars,S18_4522,23,89.53,2059.19,87,89.53
10232,6,2004-03-20,Shipped,Vintage Cars,S18_3140,22,100.0,3606.02,136,163.91
10233,2,2004-03-29,Shipped,Vintage Cars,S24_3151,40,94.71,3788.4,88,94.71000000000001
10235,6,2004-04-02,Shipped,Vintage Cars,S32_4289,34,77.73,2642.82,68,77.73
10235,7,2004-04-02,Shipped,Vintage Cars,S50_1341,41,35.35,1449.35,43,35.349999999999994
10238,1,2004-04-09,Shipped,Classic Cars,S12_3380,29,100.0,3167.38,117,109.22
10238,2,2004-04-09,Shipped,Classic Cars,S24_3371,47,62.45,2935.15,61,62.45
10238,3,2004-04-09,Shipped,Classic Cars,S12_1099,28,100.0,5774.72,194,206.24
10238,4,2004-04-09,Shipped,Classic Cars,S12_3990,20,74.21,1484.2,79,74.21000000000001
10238,5,2004-04-09,Shipped,Classic Cars,S18_3482,49,100.0,6554.24,146,133.76
10238,6,2004-04-09,Shipped,Classic Cars,S18_3278,41,73.17,2999.97,80,73.17
10238,7,2004-04-09,Shipped,Classic Cars,S24_4620,22,93.77,2062.94,80,93.77
10238,8,2004-04-09,Shipped,Classic Cars,S18_4721,44,100.0,6350.96,148,144.34
10239,1,2004-04-12,Shipped,Classic Cars,S18_3232,47,100.0,7083.37,169,150.71
10239,2,2004-04-12,Shipped,Classic Cars,S24_2972,20,44.56,891.2,37,44.56
10239,3,2004-04-12,Shipped,Classic Cars,S24_3856,29,100.0,4479.63,140,154.47
10239,4,2004-04-12,Shipped,Classic Cars,S18_1889,46,73.92,3400.32,77,73.92
10239,5,2004-04-12,Shipped,Classic Cars,S12_4675,21,93.28,1958.88,115,93.28
10240,1,2004-04-13,Shipped,Classic Cars,S18_3685,37,100.0,5959.22,141,161.06
10240,2,2004-04-13,Shipped,Classic Cars,S18_1984,37,100.0,5526.32,142,149.35999999999999
10240,3,2004-04-13,Shipped,Classic Cars,S18_1129,41,100.0,5628.89,141,137.29000000000002
10241,1,2004-04-13,Shipped,Vintage Cars,S18_2248,33,72.65,2397.45,60,72.64999999999999
10241,2,2004-04-13,Shipped,Vintage Cars,S18_1749,41,100.0,7597.3,170,185.3
10241,3,2004-04-13,Shipped,Vintage Cars,S18_4409,42,90.19,3787.98,92,90.19
10241,4,2004-04-13,Shipped,Classic Cars,S18_4933,30,66.99,2009.7,71,66.99
10241,5,2004-04-13,Shipped,Classic Cars,S24_2887,28,98.65,2762.2,117,98.64999999999999
10241,6,2004-04-13,Shipped,Classic Cars,S24_2766,47,94.5,4441.5,90,94.5
10241,7,2004-04-13,Shipped,Classic Cars,S24_3191,26,81.33,2114.58,85,81.33
10241,8,2004-04-13,Shipped,Classic Cars,S24_1046,22,76.43,1681.46,73,76.43
10241,9,2004-04-13,Shipped,Classic Cars,S24_3432,27,86.73,2341.71,107,86.73
10241,10,2004-04-13,Shipped,Classic Cars,S24_1628,21,40.25,845.25,50,40.25
10241,11,2004-04-13,Shipped,Classic Cars,S18_1589,21,100.0,2508.66,124,119.46
10241,12,2004-04-13,Shipped,Classic Cars,S18_2870,44,100.0,6853.44,132,155.76
10242,1,2004-04-20,Shipped,Vintage Cars,S24_3969,46,36.93,1698.78,41,36.93
10243,1,2004-04-26,Shipped,Vintage Cars,S24_1937,33,29.54,974.82,33,29.540000000000003
10243,2,2004-04-26,Shipped,Vintage Cars,S18_2325,47,100.0,6154.18,127,130.94
10244,1,2004-04-29,Shipped,Vintage Cars,S18_2949,30,100.0,3525.6,101,117.52
10244,2,2004-04-29,Shipped,Vintage Cars,S18_3136,29,100.0,3340.51,104,115.19000000000001
10244,3,2004-04-29,Shipped,Vintage Cars,S18_2957,24,58.09,1394.16,62,58.09
10244,4,2004-04-29,Shipped,Vintage Cars,S24_4258,40,86.68,3467.2,97,86.67999999999999
10244,5,2004-04-29,Shipped,Vintage Cars,S18_3320,36,84.33,3035.88,99,84.33
10244,6,2004-04-29,Shipped,Vintage Cars,S18_1367,20,58.22,1164.4,53,58.220000000000006
10244,7,2004-04-29,Shipped,Vintage Cars,S18_1342,40,100.0,4684.8,102,117.12
10244,8,2004-04-29,Shipped,Vintage Cars,S18_2795,43,100.0,5950.34,168,138.38
10244,9,2004-04-29,Shipped,Vintage Cars,S24_2022,39,45.25,1764.75,44,45.25
10245,2,2004-05-04,Shipped,Classic Cars,S10_4962,28,100.0,4591.72,147,163.99
10245,4,2004-05-04,Shipped,Classic Cars,S700_2824,44,100.0,4628.8,101,105.2
10245,7,2004-05-04,Shipped,Vintage Cars,S18_4668,45,59.87,2694.15,50,59.870000000000005
10245,9,2004-05-04,Shipped,Classic Cars,S10_1949,34,100.0,6120.34,214,180.01
10246,1,2004-05-05,Shipped,Classic Cars,S24_4048,46,100.0,6311.2,118,137.2
10246,2,2004-05-05,Shipped,Classic Cars,S24_1444,44,52.6,2314.4,57,52.6
10246,4,2004-05-05,Shipped,Classic Cars,S18_2238,40,100.0,6549.2,163,163.73
10246,6,2004-05-05,Shipped,Classic Cars,S24_2840,49,36.07,1767.43,35,36.07
10246,9,2004-05-05,Shipped,Classic Cars,S18_3232,36,100.0,7132.68,169,198.13
10247,1,2004-05-05,Shipped,Classic Cars,S12_3891,27,100.0,4157.73,173,153.98999999999998
10247,2,2004-05-05,Shipped,Classic Cars,S12_1108,44,100.0,10606.2,207,241.05
10247,3,2004-05-05,Shipped,Classic Cars,S12_3148,25,100.0,4381.25,151,175.25
10247,5,2004-05-05,Shipped,Classic Cars,S18_4027,48,100.0,6756.0,143,140.75
10249,2,2004-05-08,Shipped,Vintage Cars,S24_3420,25,69.7,1742.5,65,69.7
10249,5,2004-05-08,Shipped,Vintage Cars,S18_3856,46,100.0,5600.5,105,121.75
10250,7,2004-05-11,Shipped,Vintage Cars,S32_4289,50,61.22,3061.0,68,61.22
10250,8,2004-05-11,Shipped,Vintage Cars,S50_1341,36,51.93,1869.48,43,51.93
10252,1,2004-05-26,Shipped,Classic Cars,S18_3482,41,100.0,6749.83,146,164.63
10252,2,2004-05-26,Shipped,Classic Cars,S18_3278,20,76.39,1527.8,80,76.39
10252,3,2004-05-26,Shipped,Classic Cars,S24_4620,38,87.31,3317.78,80,87.31
10252,4,2004-05-26,Shipped,Classic Cars,S18_4721,26,100.0,3559.4,148,136.9
10255,1,2004-06-04,Shipped,Vintage Cars,S18_2795,24,100.0,3726.0,168,155.25
10255,2,2004-06-04,Shipped,Vintage Cars,S24_2022,37,45.7,1690.9,44,45.7
10256,1,2004-06-08,Shipped,Vintage Cars,S18_1367,29,51.75,1500.75,53,51.75
10256,2,2004-06-08,Shipped,Vintage Cars,S18_1342,34,95.55,3248.7,102,95.55
10257,1,2004-06-14,Shipped,Vintage Cars,S18_2949,50,88.14,4407.0,101,88.14
10257,2,2004-06-14,Shipped,Vintage Cars,S18_3136,37,84.82,3138.34,104,84.82000000000001
10257,3,2004-06-14,Shipped,Vintage Cars,S18_2957,49,53.72,2632.28,62,53.720000000000006
10257,4,2004-06-14,Shipped,Vintage Cars,S24_4258,46,78.89,3628.94,97,78.89
10257,5,2004-06-14,Shipped,Vintage Cars,S18_3320,26,89.29,2321.54,99,89.28999999999999
10258,1,2004-06-15,Shipped,Classic Cars,S700_2824,45,80.92,3641.4,101,80.92
10258,4,2004-06-15,Shipped,Vintage Cars,S18_4668,21,59.87,1257.27,50,59.87
10258,6,2004-06-15,Shipped,Classic Cars,S10_1949,32,100.0,7680.64,214,240.02
10259,1,2004-06-15,Shipped,Classic Cars,S24_1444,28,46.82,1310.96,57,46.82
10259,3,2004-06-15,Shipped,Classic Cars,S18_2238,30,100.0,5697.9,163,189.92999999999998
10259,5,2004-06-15,Shipped,Classic Cars,S24_2840,31,33.24,1030.44,35,33.24
10259,8,2004-06-15,Shipped,Classic Cars,S18_3232,27,100.0,3657.69,169,135.47
10259,12,2004-06-15,Shipped,Classic Cars,S10_4962,26,100.0,4033.38,147,155.13
10261,1,2004-06-17,Shipped,Classic Cars,S10_4757,27,100.0,3378.24,136,125.11999999999999
10261,3,2004-06-17,Shipped,Vintage Cars,S24_3151,22,91.17,2005.74,88,91.17
10261,9,2004-06-17,Shipped,Vintage Cars,S18_4522,20,89.53,1790.6,87,89.53
10264,1,2004-06-30,Shipped,Classic Cars,S24_4620,47,83.27,3913.69,80,83.27
10264,2,2004-06-30,Shipped,Classic Cars,S18_4721,20,100.0,2410.6,148,120.53
10265,1,2004-07-02,Shipped,Classic Cars,S18_3482,49,100.0,8427.02,146,171.98000000000002
10265,2,2004-07-02,Shipped,Classic Cars,S18_3278,45,86.84,3907.8,80,86.84
10266,1,2004-07-06,Shipped,Classic Cars,S24_1628,28,48.3,1352.4,50,48.300000000000004
10266,2,2004-07-06,Shipped,Classic Cars,S18_1589,36,100.0,5196.6,124,144.35000000000002
10266,3,2004-07-06,Shipped,Classic Cars,S18_2870,20,100.0,2824.8,132,141.24
10266,4,2004-07-06,Shipped,Classic Cars,S18_3685,33,100.0,5035.14,141,152.58
10266,5,2004-07-06,Shipped,Classic Cars,S18_1984,49,100.0,6203.4,142,126.6
10266,6,2004-07-06,Shipped,Classic Cars,S18_1129,21,100.0,2526.51,141,120.31000000000002
10266,7,2004-07-06,Shipped,Classic Cars,S18_3232,29,100.0,4812.55,169,165.95000000000002
10266,8,2004-07-06,Shipped,Classic Cars,S24_2972,34,40.4,1373.6,37,40.4
10266,9,2004-07-06,Shipped,Classic Cars,S24_3856,24,100.0,2932.08,140,122.17
10266,10,2004-07-06,Shipped,Classic Cars,S18_1889,33,74.69,2464.77,77,74.69
10266,11,2004-07-06,Shipped,Classic Cars,S12_4675,40,100.0,4468.4,115,111.71
10266,12,2004-07-06,Shipped,Classic Cars,S12_3380,22,100.0,2454.54,117,111.57
10266,13,2004-07-06,Shipped,Classic Cars,S24_3371,47,62.45,2935.15,61,62.45
10266,14,2004-07-06,Shipped,Classic Cars,S12_1099,44,100.0,9160.36,194,208.19000000000003
10266,15,2004-07-06,Shipped,Classic Cars,S12_3990,35,76.61,2681.35,79,76.61
10267,1,2004-07-07,Shipped,Classic Cars,S18_4933,36,75.55,2719.8,71,75.55000000000001
10267,2,2004-07-07,Shipped,Classic Cars,S24_2887,43,100.0,4645.72,117,108.04
10267,3,2004-07-07,Shipped,Classic Cars,S24_2766,38,87.24,3315.12,90,87.24
10267,4,2004-07-07,Shipped,Classic Cars,S24_3191,44,96.74,4256.56,85,96.74000000000001
10267,5,2004-07-07,Shipped,Classic Cars,S24_1046,40,80.1,3204.0,73,80.1
10267,6,2004-07-07,Shipped,Classic Cars,S24_3432,43,100.0,5110.98,107,118.85999999999999
10269,1,2004-07-16,Shipped,Vintage Cars,S18_2957,32,63.08,2018.56,62,63.08
10269,2,2004-07-16,Shipped,Vintage Cars,S24_4258,48,97.39,4674.72,97,97.39
10270,2,2004-07-19,Shipped,Classic Cars,S10_4962,32,100.0,4302.08,147,134.44
10270,4,2004-07-19,Shipped,Classic Cars,S700_2824,46,88.0,4048.0,101,88.0
10270,7,2004-07-19,Shipped,Vintage Cars,S18_4668,44,58.36,2567.84,50,58.36000000000001
10270,9,2004-07-19,Shipped,Classic Cars,S10_1949,21,100.0,4905.39,214,233.59
10270,10,2004-07-19,Shipped,Vintage Cars,S18_2949,31,96.24,2983.44,101,96.24
10270,11,2004-07-19,Shipped,Vintage Cars,S18_3136,38,100.0,4775.08,104,125.66
10271,1,2004-07-20,Shipped,Classic Cars,S24_4048,22,100.0,3070.54,118,139.57
10271,2,2004-07-20,Shipped,Classic Cars,S24_1444,45,64.74,2913.3,57,64.74000000000001
10271,4,2004-07-20,Shipped,Classic Cars,S18_2238,50,100.0,9169.0,163,183.38
10271,6,2004-07-20,Shipped,Classic Cars,S24_2840,38,41.72,1585.36,35,41.72
10271,9,2004-07-20,Shipped,Classic Cars,S18_3232,20,100.0,3928.6,169,196.43
10272,1,2004-07-20,Shipped,Classic Cars,S12_3891,39,100.0,7962.24,173,204.16
10272,2,2004-07-20,Shipped,Classic Cars,S12_1108,35,100.0,5818.4,207,166.23999999999998
10272,3,2004-07-20,Shipped,Classic Cars,S12_3148,27,100.0,4283.01,151,158.63
10272,5,2004-07-20,Shipped,Classic Cars,S18_4027,25,100.0,3734.0,143,149.36
10273,1,2004-07-21,Shipped,Vintage Cars,S18_3856,50,85.75,4287.5,105,85.75
10273,3,2004-07-21,Shipped,Vintage Cars,S24_3816,48,83.02,3984.96,83,83.02
10273,4,2004-07-21,Shipped,Classic Cars,S10_4757,30,100.0,3508.8,136,116.96000000000001
10273,6,2004-07-21,Shipped,Vintage Cars,S24_3151,27,100.0,2796.12,88,103.56
10273,12,2004-07-21,Shipped,Vintage Cars,S18_4522,33,71.09,2345.97,87,71.08999999999999
10273,13,2004-07-21,Shipped,Vintage Cars,S18_3140,40,100.0,5026.4,136,125.66
10274,3,2004-07-21,Shipped,Vintage Cars,S24_3420,24,72.33,1735.92,65,72.33
10275,12,2004-07-23,Shipped,Vintage Cars,S32_4289,28,63.97,1791.16,68,63.970000000000006
10275,13,2004-07-23,Shipped,Vintage Cars,S50_1341,38,45.39,1724.82,43,45.39
10276,1,2004-08-02,Shipped,Classic Cars,S12_3380,47,100.0,5464.69,117,116.27
10276,2,2004-08-02,Shipped,Classic Cars,S24_3371,20,61.23,1224.6,61,61.23
10276,3,2004-08-02,Shipped,Classic Cars,S12_1099,50,100.0,9631.0,194,192.62
10276,4,2004-08-02,Shipped,Classic Cars,S12_3990,38,83.79,3184.02,79,83.79
10276,5,2004-08-02,Shipped,Classic Cars,S18_3482,30,100.0,3924.6,146,130.82
10276,6,2004-08-02,Shipped,Classic Cars,S18_3278,38,69.96,2658.48,80,69.96
10276,7,2004-08-02,Shipped,Classic Cars,S24_4620,48,75.18,3608.64,80,75.17999999999999
10276,8,2004-08-02,Shipped,Classic Cars,S18_4721,48,100.0,5713.92,148,119.04
10277,1,2004-08-04,Shipped,Classic Cars,S12_4675,28,100.0,3127.88,115,111.71000000000001
10278,1,2004-08-06,Shipped,Classic Cars,S24_1628,35,45.28,1584.8,50,45.28
10278,2,2004-08-06,Shipped,Classic Cars,S18_1589,23,100.0,2604.52,124,113.24
10278,3,2004-08-06,Shipped,Classic Cars,S18_2870,39,100.0,4324.32,132,110.88
10278,4,2004-08-06,Shipped,Classic Cars,S18_3685,31,100.0,4116.8,141,132.8
10278,5,2004-08-06,Shipped,Classic Cars,S18_1984,29,100.0,3754.05,142,129.45000000000002
10278,6,2004-08-06,Shipped,Classic Cars,S18_1129,34,100.0,4667.86,141,137.29
10278,7,2004-08-06,Shipped,Classic Cars,S18_3232,42,100.0,6401.22,169,152.41
10278,8,2004-08-06,Shipped,Classic Cars,S24_2972,31,38.89,1205.59,37,38.89
10278,9,2004-08-06,Shipped,Classic Cars,S24_3856,25,100.0,3159.75,140,126.39
10278,10,2004-08-06,Shipped,Classic Cars,S18_1889,29,90.86,2634.94,77,90.86
10279,1,2004-08-09,Shipped,Classic Cars,S18_4933,26,60.58,1575.08,71,60.58
10279,2,2004-08-09,Shipped,Classic Cars,S24_2887,48,100.0,5580.96,117,116.27
10279,3,2004-08-09,Shipped,Classic Cars,S24_2766,49,79.97,3918.53,90,79.97
10279,4,2004-08-09,Shipped,Classic Cars,S24_3191,33,71.06,2344.98,85,71.06
10279,5,2004-08-09,Shipped,Classic Cars,S24_1046,32,74.96,2398.72,73,74.96
10279,6,2004-08-09,Shipped,Classic Cars,S24_3432,48,100.0,6168.0,107,128.5
10280,2,2004-08-17,Shipped,Classic Cars,S10_1949,34,100.0,8014.82,214,235.73
10280,3,2004-08-17,Shipped,Vintage Cars,S18_2949,46,100.0,5126.24,101,111.44
10280,4,2004-08-17,Shipped,Vintage Cars,S18_3136,29,100.0,3006.43,104,103.66999999999999
10280,5,2004-08-17,Shipped,Vintage Cars,S18_2957,43,68.71,2954.53,62,68.71000000000001
10280,6,2004-08-17,Shipped,Vintage Cars,S24_4258,21,78.89,1656.69,97,78.89
10280,7,2004-08-17,Shipped,Vintage Cars,S18_3320,34,100.0,3474.46,99,102.19
10280,8,2004-08-17,Shipped,Vintage Cars,S18_1367,27,57.68,1557.36,53,57.68
10280,9,2004-08-17,Shipped,Vintage Cars,S18_1342,50,100.0,5239.5,102,104.79
10280,10,2004-08-17,Shipped,Vintage Cars,S18_2795,22,100.0,4455.0,168,202.5
10280,11,2004-08-17,Shipped,Vintage Cars,S24_2022,45,47.49,2137.05,44,47.49
10280,12,2004-08-17,Shipped,Vintage Cars,S24_1937,20,28.88,577.6,33,28.880000000000003
10280,13,2004-08-17,Shipped,Vintage Cars,S18_2325,37,100.0,4750.8,127,128.4
10280,14,2004-08-17,Shipped,Vintage Cars,S24_3969,33,41.85,1381.05,41,41.85
10280,15,2004-08-17,Shipped,Vintage Cars,S18_2248,25,62.96,1574.0,60,62.96
10280,16,2004-08-17,Shipped,Vintage Cars,S18_1749,26,100.0,3668.6,170,141.1
10280,17,2004-08-17,Shipped,Vintage Cars,S18_4409,35,100.0,3704.05,92,105.83
10281,2,2004-08-19,Shipped,Classic Cars,S24_2840,20,40.66,813.2,35,40.660000000000004
10281,5,2004-08-19,Shipped,Classic Cars,S18_3232,25,100.0,4191.25,169,167.65
10281,9,2004-08-19,Shipped,Classic Cars,S10_4962,44,100.0,7020.64,147,159.56
10281,11,2004-08-19,Shipped,Classic Cars,S700_2824,27,85.98,2321.46,101,85.98
10281,14,2004-08-19,Shipped,Vintage Cars,S18_4668,44,59.87,2634.28,50,59.870000000000005
10282,1,2004-08-20,Shipped,Vintage Cars,S18_3140,43,100.0,6695.53,136,155.71
10282,4,2004-08-20,Shipped,Classic Cars,S12_3891,24,100.0,3778.8,173,157.45000000000002
10282,5,2004-08-20,Shipped,Classic Cars,S12_1108,41,100.0,7071.27,207,172.47
10282,6,2004-08-20,Shipped,Classic Cars,S12_3148,27,100.0,4364.82,151,161.66
10282,8,2004-08-20,Shipped,Classic Cars,S18_4027,31,100.0,4674.8,143,150.8
10282,10,2004-08-20,Shipped,Classic Cars,S24_4048,39,100.0,4797.39,118,123.01
10282,11,2004-08-20,Shipped,Classic Cars,S24_1444,29,46.82,1357.78,57,46.82
10282,13,2004-08-20,Shipped,Classic Cars,S18_2238,23,100.0,3238.63,163,140.81
10283,3,2004-08-20,Shipped,Vintage Cars,S18_3856,46,100.0,5795.54,105,125.99
10283,5,2004-08-20,Shipped,Vintage Cars,S24_3816,33,72.96,2407.68,83,72.96
10283,6,2004-08-20,Shipped,Classic Cars,S10_4757,25,100.0,2992.0,136,119.68
10283,8,2004-08-20,Shipped,Vintage Cars,S24_3151,34,92.94,3159.96,88,92.94
10283,14,2004-08-20,Shipped,Vintage Cars,S18_4522,34,100.0,3580.88,87,105.32000000000001
10284,4,2004-08-21,Shipped,Vintage Cars,S32_4289,50,81.86,4093.0,68,81.86
10284,5,2004-08-21,Shipped,Vintage Cars,S50_1341,33,51.93,1713.69,43,51.93
10284,13,2004-08-21,Shipped,Vintage Cars,S24_3420,39,71.67,2795.13,65,71.67
10287,1,2004-08-30,Shipped,Classic Cars,S18_2870,44,100.0,5052.96,132,114.84
10287,2,2004-08-30,Shipped,Classic Cars,S18_3685,27,100.0,4310.55,141,159.65
10287,3,2004-08-30,Shipped,Classic Cars,S18_1984,24,100.0,3516.48,142,146.52
10287,4,2004-08-30,Shipped,Classic Cars,S18_1129,41,100.0,6499.32,141,158.51999999999998
10287,5,2004-08-30,Shipped,Classic Cars,S18_3232,36,100.0,5852.52,169,162.57000000000002
10287,6,2004-08-30,Shipped,Classic Cars,S24_2972,36,39.65,1427.4,37,39.650000000000006
10287,7,2004-08-30,Shipped,Classic Cars,S24_3856,36,100.0,4297.32,140,119.36999999999999
10287,8,2004-08-30,Shipped,Classic Cars,S18_1889,44,82.39,3625.16,77,82.39
10287,9,2004-08-30,Shipped,Classic Cars,S12_4675,23,100.0,2675.13,115,116.31
10287,10,2004-08-30,Shipped,Classic Cars,S12_3380,45,100.0,4756.5,117,105.7
10287,11,2004-08-30,Shipped,Classic Cars,S24_3371,20,67.97,1359.4,61,67.97
10287,12,2004-08-30,Shipped,Classic Cars,S12_1099,21,100.0,3432.24,194,163.44
10287,13,2004-08-30,Shipped,Classic Cars,S12_3990,41,69.43,2846.63,79,69.43
10287,14,2004-08-30,Shipped,Classic Cars,S18_3482,40,100.0,6761.6,146,169.04000000000002
10287,15,2004-08-30,Shipped,Classic Cars,S18_3278,43,70.76,3042.68,80,70.75999999999999
10287,16,2004-08-30,Shipped,Classic Cars,S24_4620,40,88.12,3524.8,80,88.12
10287,17,2004-08-30,Shipped,Classic Cars,S18_4721,34,100.0,4300.32,148,126.47999999999999
10288,1,2004-09-01,Shipped,Vintage Cars,S24_1937,29,38.17,1106.93,33,38.17
10288,2,2004-09-01,Shipped,Vintage Cars,S18_2325,31,100.0,3822.92,127,123.32000000000001
10288,3,2004-09-01,Shipped,Vintage Cars,S24_3969,33,40.62,1340.46,41,40.620000000000005
10288,4,2004-09-01,Shipped,Vintage Cars,S18_2248,28,61.75,1729.0,60,61.75
10288,5,2004-09-01,Shipped,Vintage Cars,S18_1749,32,100.0,5875.2,170,183.6
10288,6,2004-09-01,Shipped,Vintage Cars,S18_4409,35,80.99,2834.65,92,80.99000000000001
10288,7,2004-09-01,Shipped,Classic Cars,S18_4933,23,73.41,1688.43,71,73.41
10288,8,2004-09-01,Shipped,Classic Cars,S24_2887,48,100.0,6539.04,117,136.23
10288,9,2004-09-01,Shipped,Classic Cars,S24_2766,35,80.87,2830.45,90,80.86999999999999
10288,10,2004-09-01,Shipped,Classic Cars,S24_3191,34,68.49,2328.66,85,68.49
10288,11,2004-09-01,Shipped,Classic Cars,S24_1046,36,66.14,2381.04,73,66.14
10288,12,2004-09-01,Shipped,Classic Cars,S24_3432,41,100.0,4873.26,107,118.86
10288,13,2004-09-01,Shipped,Classic Cars,S24_1628,50,52.32,2616.0,50,52.32
10288,14,2004-09-01,Shipped,Classic Cars,S18_1589,20,100.0,2936.8,124,146.84
10289,1,2004-09-03,Shipped,Vintage Cars,S18_1367,24,56.07,1345.68,53,56.07
10289,2,2004-09-03,Shipped,Vintage Cars,S18_1342,38,100.0,4567.98,102,120.21
10289,3,2004-09-03,Shipped,Vintage Cars,S18_2795,43,100.0,8272.34,168,192.38
10289,4,2004-09-03,Shipped,Vintage Cars,S24_2022,45,48.38,2177.1,44,48.379999999999995
10290,1,2004-09-07,Shipped,Vintage Cars,S24_4258,45,100.0,5171.4,97,114.91999999999999
10290,2,2004-09-07,Shipped,Vintage Cars,S18_3320,26,96.23,2501.98,99,96.23
10291,4,2004-09-08,Shipped,Classic Cars,S10_4962,30,100.0,3855.9,147,128.53
10291,6,2004-09-08,Shipped,Classic Cars,S700_2824,28,100.0,3256.96,101,116.32000000000001
10291,9,2004-09-08,Shipped,Vintage Cars,S18_4668,29,51.82,1502.78,50,51.82
10291,11,2004-09-08,Shipped,Classic Cars,S10_1949,37,100.0,7136.19,214,192.86999999999998
10291,12,2004-09-08,Shipped,Vintage Cars,S18_2949,47,100.0,5713.79,101,121.57
10291,13,2004-09-08,Shipped,Vintage Cars,S18_3136,23,100.0,2866.26,104,124.62
10291,14,2004-09-08,Shipped,Vintage Cars,S18_2957,37,50.59,1871.83,62,50.589999999999996
10292,2,2004-09-08,Shipped,Classic Cars,S18_4027,44,100.0,7140.76,143,162.29
10292,4,2004-09-08,Shipped,Classic Cars,S24_4048,27,100.0,3832.38,118,141.94
10292,5,2004-09-08,Shipped,Classic Cars,S24_1444,40,53.75,2150.0,57,53.75
10292,7,2004-09-08,Shipped,Classic Cars,S18_2238,26,100.0,4554.94,163,175.19
10292,9,2004-09-08,Shipped,Classic Cars,S24_2840,39,30.06,1172.34,35,30.06
10292,12,2004-09-08,Shipped,Classic Cars,S18_3232,21,100.0,2844.87,169,135.47
10293,3,2004-09-09,Shipped,Vintage Cars,S18_4522,49,100.0,4946.06,87,100.94000000000001
10293,4,2004-09-09,Shipped,Vintage Cars,S18_3140,24,100.0,2819.28,136,117.47000000000001
10293,7,2004-09-09,Shipped,Classic Cars,S12_3891,45,100.0,8253.0,173,183.4
10293,8,2004-09-09,Shipped,Classic Cars,S12_1108,46,100.0,8411.56,207,182.85999999999999
10293,9,2004-09-09,Shipped,Classic Cars,S12_3148,24,100.0,4242.24,151,176.76
10295,1,2004-09-10,Shipped,Classic Cars,S10_4757,24,100.0,3427.2,136,142.79999999999998
10295,3,2004-09-10,Shipped,Vintage Cars,S24_3151,46,84.97,3908.62,88,84.97
10296,1,2004-09-15,Shipped,Vintage Cars,S50_1341,26,48.44,1259.44,43,48.440000000000005
10296,9,2004-09-15,Shipped,Vintage Cars,S24_3420,31,53.92,1671.52,65,53.92
10296,12,2004-09-15,Shipped,Vintage Cars,S18_3856,22,84.7,1863.4,105,84.7
10296,14,2004-09-15,Shipped,Vintage Cars,S24_3816,22,77.15,1697.3,83,77.14999999999999
10297,7,2004-09-16,Shipped,Vintage Cars,S32_4289,28,79.8,2234.4,68,79.8
10299,1,2004-09-30,Shipped,Classic Cars,S24_4620,32,80.84,2586.88,80,80.84
10299,2,2004-09-30,Shipped,Classic Cars,S18_4721,49,100.0,7947.31,148,162.19
10303,1,2004-10-06,Shipped,Vintage Cars,S24_3969,24,40.21,965.04,41,40.21
10303,2,2004-10-06,Shipped,Vintage Cars,S18_2248,46,49.04,2255.84,60,49.040000000000006
10304,1,2004-10-11,Shipped,Classic Cars,S700_2824,40,100.0,4208.0,101,105.2
10304,4,2004-10-11,Shipped,Vintage Cars,S18_4668,34,49.3,1676.2,50,49.300000000000004
10304,6,2004-10-11,Shipped,Classic Cars,S10_1949,47,100.0,10172.7,214,216.4404255319149
10304,7,2004-10-11,Shipped,Vintage Cars,S18_2949,46,100.0,4613.8,101,100.3
10304,8,2004-10-11,Shipped,Vintage Cars,S18_3136,26,85.87,2232.62,104,85.86999999999999
10304,9,2004-10-11,Shipped,Vintage Cars,S18_2957,24,64.96,1559.04,62,64.96
10304,10,2004-10-11,Shipped,Vintage Cars,S24_4258,33,100.0,3342.57,97,101.29
10304,11,2004-10-11,Shipped,Vintage Cars,S18_3320,38,100.0,3958.46,99,104.17
10304,12,2004-10-11,Shipped,Vintage Cars,S18_1367,37,48.52,1795.24,53,48.52
10304,13,2004-10-11,Shipped,Vintage Cars,S18_1342,37,95.55,3535.35,102,95.55
10304,14,2004-10-11,Shipped,Vintage Cars,S18_2795,20,100.0,3577.6,168,178.88
10304,15,2004-10-11,Shipped,Vintage Cars,S24_2022,44,39.42,1734.48,44,39.42
10304,16,2004-10-11,Shipped,Vintage Cars,S24_1937,23,30.2,694.6,33,30.2
10304,17,2004-10-11,Shipped,Vintage Cars,S18_2325,24,100.0,2440.8,127,101.7
10305,1,2004-10-13,Shipped,Classic Cars,S24_4048,36,100.0,4641.48,118,128.92999999999998
10305,2,2004-10-13,Shipped,Classic Cars,S24_1444,45,61.85,2783.25,57,61.85
10305,4,2004-10-13,Shipped,Classic Cars,S18_2238,27,100.0,3934.44,163,145.72
10305,6,2004-10-13,Shipped,Classic Cars,S24_2840,48,31.47,1510.56,35,31.47
10305,9,2004-10-13,Shipped,Classic Cars,S18_3232,37,100.0,7455.87,169,201.51
10305,13,2004-10-13,Shipped,Classic Cars,S10_4962,38,100.0,6680.78,147,175.81
10306,2,2004-10-14,Shipped,Vintage Cars,S24_3151,31,84.08,2606.48,88,84.08
10306,8,2004-10-14,Shipped,Vintage Cars,S18_4522,39,90.4,3525.6,87,90.39999999999999
10306,9,2004-10-14,Shipped,Vintage Cars,S18_3140,32,100.0,3759.04,136,117.47
10306,12,2004-10-14,Shipped,Classic Cars,S12_3891,20,100.0,3633.4,173,181.67000000000002
10306,13,2004-10-14,Shipped,Classic Cars,S12_1108,31,100.0,6570.76,207,211.96
10306,14,2004-10-14,Shipped,Classic Cars,S12_3148,34,100.0,4982.7,151,146.54999999999998
10306,16,2004-10-14,Shipped,Classic Cars,S18_4027,23,100.0,3600.65,143,156.55
10307,3,2004-10-14,Shipped,Vintage Cars,S24_3420,22,71.67,1576.74,65,71.67
10307,6,2004-10-14,Shipped,Vintage Cars,S18_3856,48,86.81,4166.88,105,86.81
10307,8,2004-10-14,Shipped,Vintage Cars,S24_3816,22,91.41,2011.02,83,91.41
10307,9,2004-10-14,Shipped,Classic Cars,S10_4757,22,100.0,2692.8,136,122.4
10308,10,2004-10-15,Shipped,Vintage Cars,S32_4289,46,66.04,3037.84,68,66.04
10308,11,2004-10-15,Shipped,Vintage Cars,S50_1341,47,43.64,2051.08,43,43.64
10310,1,2004-10-16,Shipped,Classic Cars,S18_1984,24,100.0,3448.08,142,143.67
10310,2,2004-10-16,Shipped,Classic Cars,S18_1129,37,100.0,6231.91,141,168.43
10310,3,2004-10-16,Shipped,Classic Cars,S18_3232,48,100.0,8940.96,169,186.26999999999998
10310,4,2004-10-16,Shipped,Classic Cars,S24_2972,33,41.91,1383.03,37,41.91
10310,5,2004-10-16,Shipped,Classic Cars,S24_3856,45,100.0,5497.65,140,122.16999999999999
10310,6,2004-10-16,Shipped,Classic Cars,S18_1889,20,91.63,1832.6,77,91.63
10310,7,2004-10-16,Shipped,Classic Cars,S12_4675,25,100.0,2504.75,115,100.19
10310,8,2004-10-16,Shipped,Classic Cars,S12_3380,24,100.0,3100.32,117,129.18
10310,9,2004-10-16,Shipped,Classic Cars,S24_3371,38,56.94,2163.72,61,56.94
10310,10,2004-10-16,Shipped,Classic Cars,S12_1099,33,100.0,6934.62,194,210.14
10310,11,2004-10-16,Shipped,Classic Cars,S12_3990,49,81.4,3988.6,79,81.39999999999999
10310,12,2004-10-16,Shipped,Classic Cars,S18_3482,49,100.0,6266.12,146,127.88
10310,13,2004-10-16,Shipped,Classic Cars,S18_3278,27,80.41,2171.07,80,80.41000000000001
10310,14,2004-10-16,Shipped,Classic Cars,S24_4620,49,97.01,4753.49,80,97.00999999999999
10310,15,2004-10-16,Shipped,Classic Cars,S18_4721,40,100.0,5356.8,148,133.92000000000002
10311,1,2004-10-16,Shipped,Vintage Cars,S18_4409,41,81.91,3358.31,92,81.91
10311,2,2004-10-16,Shipped,Classic Cars,S18_4933,25,66.99,1674.75,71,66.99
10311,3,2004-10-16,Shipped,Classic Cars,S24_2887,43,100.0,4595.41,117,106.86999999999999
10311,4,2004-10-16,Shipped,Classic Cars,S24_2766,28,93.6,2620.8,90,93.60000000000001
10311,5,2004-10-16,Shipped,Classic Cars,S24_3191,25,83.04,2076.0,85,83.04
10311,6,2004-10-16,Shipped,Classic Cars,S24_1046,26,87.45,2273.7,73,87.44999999999999
10311,7,2004-10-16,Shipped,Classic Cars,S24_3432,46,92.09,4236.14,107,92.09
10311,8,2004-10-16,Shipped,Classic Cars,S24_1628,45,49.3,2218.5,50,49.3
10311,9,2004-10-16,Shipped,Classic Cars,S18_1589,29,100.0,2923.2,124,100.8
10311,10,2004-10-16,Shipped,Classic Cars,S18_2870,43,100.0,5278.68,132,122.76
10311,11,2004-10-16,Shipped,Classic Cars,S18_3685,32,100.0,3616.64,141,113.02
10312,1,2004-10-21,Shipped,Vintage Cars,S18_4668,39,56.85,2217.15,50,56.85
10312,3,2004-10-21,Shipped,Classic Cars,S10_1949,48,100.0,11623.7,214,242.1604166666667
10312,4,2004-10-21,Shipped,Vintage Cars,S18_2949,37,100.0,3711.1,101,100.3
10312,5,2004-10-21,Shipped,Vintage Cars,S18_3136,38,100.0,4457.02,104,117.29
10312,6,2004-10-21,Shipped,Vintage Cars,S18_2957,35,53.72,1880.2,62,53.72
10312,7,2004-10-21,Shipped,Vintage Cars,S24_4258,44,100.0,4884.88,97,111.02
10312,8,2004-10-21,Shipped,Vintage Cars,S18_3320,33,100.0,3535.95,99,107.14999999999999
10312,9,2004-10-21,Shipped,Vintage Cars,S18_1367,25,44.21,1105.25,53,44.21
10312,10,2004-10-21,Shipped,Vintage Cars,S18_1342,43,89.38,3843.34,102,89.38000000000001
10312,11,2004-10-21,Shipped,Vintage Cars,S18_2795,25,100.0,3881.25,168,155.25
10312,12,2004-10-21,Shipped,Vintage Cars,S24_2022,23,37.63,865.49,44,37.63
10312,13,2004-10-21,Shipped,Vintage Cars,S24_1937,39,29.54,1152.06,33,29.54
10312,14,2004-10-21,Shipped,Vintage Cars,S18_2325,31,100.0,4729.36,127,152.56
10312,15,2004-10-21,Shipped,Vintage Cars,S24_3969,31,35.29,1093.99,41,35.29
10312,16,2004-10-21,Shipped,Vintage Cars,S18_2248,30,61.15,1834.5,60,61.15
10312,17,2004-10-21,Shipped,Vintage Cars,S18_1749,48,100.0,8078.4,170,168.29999999999998
10313,3,2004-10-22,Shipped,Classic Cars,S18_3232,25,100.0,4572.25,169,182.89
10313,7,2004-10-22,Shipped,Classic Cars,S10_4962,40,100.0,6678.0,147,166.95
10313,9,2004-10-22,Shipped,Classic Cars,S700_2824,30,99.13,2973.9,101,99.13000000000001
10314,1,2004-10-22,Shipped,Vintage Cars,S18_3140,20,100.0,2731.8,136,136.59
10314,4,2004-10-22,Shipped,Classic Cars,S12_3891,36,100.0,6913.8,173,192.05
10314,5,2004-10-22,Shipped,Classic Cars,S12_1108,38,100.0,7975.44,207,209.88
10314,6,2004-10-22,Shipped,Classic Cars,S12_3148,46,100.0,6393.54,151,138.99
10314,8,2004-10-22,Shipped,Classic Cars,S18_4027,29,100.0,4206.74,143,145.06
10314,10,2004-10-22,Shipped,Classic Cars,S24_4048,38,100.0,4000.26,118,105.27000000000001
10314,11,2004-10-22,Shipped,Classic Cars,S24_1444,44,53.18,2339.92,57,53.18
10314,13,2004-10-22,Shipped,Classic Cars,S18_2238,42,100.0,5776.26,163,137.53
10314,15,2004-10-22,Shipped,Classic Cars,S24_2840,39,37.13,1448.07,35,37.129999999999995
10315,1,2004-10-29,Shipped,Vintage Cars,S24_3151,24,86.74,2081.76,88,86.74000000000001
10315,7,2004-10-29,Shipped,Vintage Cars,S18_4522,36,100.0,3602.16,87,100.06
10316,2,2004-11-01,Shipped,Vintage Cars,S32_4289,24,59.16,1419.84,68,59.16
10316,3,2004-11-01,Shipped,Vintage Cars,S50_1341,34,47.57,1617.38,43,47.57
10316,11,2004-11-01,Shipped,Vintage Cars,S24_3420,47,76.93,3615.71,65,76.93
10316,14,2004-11-01,Shipped,Vintage Cars,S18_3856,47,86.81,4080.07,105,86.81
10316,16,2004-11-01,Shipped,Vintage Cars,S24_3816,25,92.25,2306.25,83,92.25
10316,17,2004-11-01,Shipped,Classic Cars,S10_4757,33,100.0,4128.96,136,125.12
10348,2,2004-11-01,Shipped,Vintage Cars,S24_4258,39,50.31,1962.09,97,50.309999999999995
10348,4,2004-11-01,Shipped,Classic Cars,S12_3148,47,100.0,4801.52,151,102.16000000000001
10348,6,2004-11-01,Shipped,Vintage Cars,S18_4668,29,100.0,7110.8,50,245.20000000000002
10348,7,2004-11-01,Shipped,Classic Cars,S700_2824,32,82.83,2650.56,101,82.83
10348,8,2004-11-01,Shipped,Classic Cars,S12_1108,48,52.36,2513.28,207,52.36000000000001
10319,1,2004-11-03,Shipped,Classic Cars,S18_3278,46,73.98,3403.08,80,73.98
10319,2,2004-11-03,Shipped,Classic Cars,S24_4620,43,85.69,3684.67,80,85.69
10319,3,2004-11-03,Shipped,Classic Cars,S18_4721,45,100.0,7901.1,148,175.58
10320,1,2004-11-03,Shipped,Classic Cars,S12_3380,35,100.0,4850.3,117,138.58
10320,2,2004-11-03,Shipped,Classic Cars,S24_3371,26,61.23,1591.98,61,61.230000000000004
10320,3,2004-11-03,Shipped,Classic Cars,S12_1099,31,100.0,6876.11,194,221.81
10320,4,2004-11-03,Shipped,Classic Cars,S12_3990,38,73.42,2789.96,79,73.42
10320,5,2004-11-03,Shipped,Classic Cars,S18_3482,25,100.0,3491.0,146,139.64
10321,1,2004-11-04,Shipped,Classic Cars,S24_2766,30,72.7,2181.0,90,72.7
10321,2,2004-11-04,Shipped,Classic Cars,S24_3191,39,84.75,3305.25,85,84.75
10321,3,2004-11-04,Shipped,Classic Cars,S24_1046,30,70.55,2116.5,73,70.55
10321,4,2004-11-04,Shipped,Classic Cars,S24_3432,21,89.95,1888.95,107,89.95
10321,5,2004-11-04,Shipped,Classic Cars,S24_1628,48,42.26,2028.48,50,42.26
10321,6,2004-11-04,Shipped,Classic Cars,S18_1589,44,100.0,4489.76,124,102.04
10321,7,2004-11-04,Shipped,Classic Cars,S18_2870,27,100.0,2851.2,132,105.6
10321,8,2004-11-04,Shipped,Classic Cars,S18_3685,28,100.0,4232.76,141,151.17000000000002
10321,9,2004-11-04,Shipped,Classic Cars,S18_1984,25,100.0,3734.0,142,149.36
10321,10,2004-11-04,Shipped,Classic Cars,S18_1129,41,100.0,5803.14,141,141.54000000000002
10321,11,2004-11-04,Shipped,Classic Cars,S18_3232,33,100.0,5700.09,169,172.73000000000002
10321,12,2004-11-04,Shipped,Classic Cars,S24_2972,37,33.23,1229.51,37,33.23
10321,13,2004-11-04,Shipped,Classic Cars,S24_3856,26,100.0,4052.88,140,155.88
10321,14,2004-11-04,Shipped,Classic Cars,S18_1889,37,78.54,2905.98,77,78.54
10321,15,2004-11-04,Shipped,Classic Cars,S12_4675,24,100.0,2984.88,115,124.37
10322,1,2004-11-04,Shipped,Classic Cars,S10_1949,40,100.0,6000.4,214,150.01
10322,2,2004-11-04,Shipped,Vintage Cars,S18_2795,36,100.0,5797.44,168,161.04
10322,3,2004-11-04,Shipped,Vintage Cars,S24_1937,20,100.0,2624.0,33,131.2
10322,4,2004-11-04,Shipped,Vintage Cars,S24_2022,30,100.0,3500.1,44,116.67
10322,5,2004-11-04,Shipped,Vintage Cars,S18_1367,41,57.68,2364.88,53,57.68
10322,6,2004-11-04,Shipped,Vintage Cars,S18_2325,50,100.0,12536.5,127,250.73
10322,7,2004-11-04,Shipped,Vintage Cars,S18_3136,48,47.04,2257.92,104,47.04
10322,8,2004-11-04,Shipped,Classic Cars,S10_4962,46,61.99,2851.54,147,61.99
10322,12,2004-11-04,Shipped,Vintage Cars,S18_2949,33,100.0,3524.73,101,106.81
10322,13,2004-11-04,Shipped,Vintage Cars,S18_2957,41,29.87,1224.67,62,29.87
10322,14,2004-11-04,Shipped,Vintage Cars,S18_1342,43,86.3,3710.9,102,86.3
10323,2,2004-11-05,Shipped,Vintage Cars,S18_3320,33,91.27,3011.91,99,91.27
10324,1,2004-11-05,Shipped,Classic Cars,S12_3148,27,54.33,1466.91,151,54.330000000000005
10324,3,2004-11-05,Shipped,Vintage Cars,S24_4258,33,100.0,6267.69,97,189.92999999999998
10324,5,2004-11-05,Shipped,Classic Cars,S700_2824,34,100.0,4248.3,101,124.95
10324,6,2004-11-05,Shipped,Vintage Cars,S18_4668,38,100.0,6832.02,50,179.79000000000002
10324,8,2004-11-05,Shipped,Classic Cars,S18_2238,47,100.0,7207.45,163,153.35
10324,9,2004-11-05,Shipped,Classic Cars,S24_2840,30,100.0,3338.1,35,111.27
10324,12,2004-11-05,Shipped,Classic Cars,S18_3232,27,100.0,3155.49,169,116.86999999999999
10324,13,2004-11-05,Shipped,Classic Cars,S18_4027,49,100.0,5379.71,143,109.79
10324,14,2004-11-05,Shipped,Classic Cars,S24_1444,25,69.16,1729.0,57,69.16
10325,1,2004-11-05,Shipped,Classic Cars,S12_3891,24,100.0,2583.6,173,107.64999999999999
10325,5,2004-11-05,Shipped,Classic Cars,S24_4048,44,100.0,5325.76,118,121.04
10325,6,2004-11-05,Shipped,Classic Cars,S10_4757,47,64.93,3051.71,136,64.93
10325,8,2004-11-05,Shipped,Classic Cars,S12_1108,42,64.0,2688.0,207,64.0
10325,9,2004-11-05,Shipped,Vintage Cars,S18_3140,24,69.12,1658.88,136,69.12
10326,2,2004-11-09,Shipped,Vintage Cars,S24_3816,20,92.25,1845.0,83,92.25
10326,3,2004-11-09,Shipped,Vintage Cars,S24_3151,41,85.85,3519.85,88,85.85
10326,5,2004-11-09,Shipped,Vintage Cars,S18_4522,50,86.01,4300.5,87,86.01
10328,2,2004-11-12,Shipped,Vintage Cars,S24_3420,20,72.98,1459.6,65,72.97999999999999
10328,5,2004-11-12,Shipped,Vintage Cars,S32_4289,24,81.17,1948.08,68,81.17
10328,6,2004-11-12,Shipped,Vintage Cars,S18_3856,34,100.0,3815.48,105,112.22
10328,7,2004-11-12,Shipped,Vintage Cars,S50_1341,34,51.93,1765.62,43,51.93
10329,5,2004-11-15,Shipped,Classic Cars,S12_1099,41,71.47,2930.27,194,71.47
10329,9,2004-11-15,Shipped,Classic Cars,S18_1889,29,100.0,2954.81,77,101.89
10329,10,2004-11-15,Shipped,Classic Cars,S18_3278,38,59.1,2245.8,80,59.1
10329,13,2004-11-15,Shipped,Classic Cars,S12_3380,46,83.63,3846.98,117,83.63
10329,14,2004-11-15,Shipped,Classic Cars,S12_3990,33,100.0,3607.56,79,109.32
10329,15,2004-11-15,Shipped,Classic Cars,S12_4675,39,64.74,2524.86,115,64.74000000000001
10330,3,2004-11-16,Shipped,Classic Cars,S18_3482,37,100.0,4405.22,146,119.06
10330,4,2004-11-16,Shipped,Classic Cars,S18_4721,50,100.0,6101.0,148,122.02
10331,1,2004-11-17,Shipped,Classic Cars,S24_3856,21,100.0,3135.93,140,149.32999999999998
10331,2,2004-11-17,Shipped,Classic Cars,S24_4620,41,100.0,5715.4,80,139.39999999999998
10331,6,2004-11-17,Shipped,Classic Cars,S18_1129,46,100.0,6434.02,141,139.87
10331,7,2004-11-17,Shipped,Vintage Cars,S18_1749,44,74.04,3257.76,170,74.04
10331,8,2004-11-17,Shipped,Classic Cars,S18_1984,30,32.47,974.1,142,32.47
10331,9,2004-11-17,Shipped,Classic Cars,S24_3371,25,100.0,3078.5,61,123.14
10331,10,2004-11-17,Shipped,Classic Cars,S18_2870,26,64.9,1687.4,132,64.9
10331,11,2004-11-17,Shipped,Classic Cars,S18_3232,27,100.0,4170.69,169,154.47
10331,12,2004-11-17,Shipped,Classic Cars,S18_3685,26,67.91,1765.66,141,67.91
10331,13,2004-11-17,Shipped,Classic Cars,S24_2972,27,42.24,1140.48,37,42.24
10331,14,2004-11-17,Shipped,Classic Cars,S18_1589,44,100.0,4849.24,124,110.21
10332,1,2004-11-17,Shipped,Vintage Cars,S18_2795,24,52.67,1264.08,168,52.669999999999995
10332,2,2004-11-17,Shipped,Vintage Cars,S18_4409,50,100.0,7310.0,92,146.2
10332,3,2004-11-17,Shipped,Classic Cars,S18_4933,21,100.0,3472.98,71,165.38
10332,4,2004-11-17,Shipped,Classic Cars,S24_1046,23,56.84,1307.32,73,56.839999999999996
10332,5,2004-11-17,Shipped,Classic Cars,S24_1628,20,87.96,1759.2,50,87.96000000000001
10332,6,2004-11-17,Shipped,Vintage Cars,S24_1937,45,81.91,3685.95,33,81.91
10332,7,2004-11-17,Shipped,Classic Cars,S24_2766,39,86.72,3382.08,90,86.72
10332,8,2004-11-17,Shipped,Vintage Cars,S18_2325,35,64.69,2264.15,127,64.69
10332,9,2004-11-17,Shipped,Vintage Cars,S18_2248,38,84.25,3201.5,60,84.25
10332,10,2004-11-17,Shipped,Vintage Cars,S24_2022,26,85.52,2223.52,44,85.52
10332,11,2004-11-17,Shipped,Classic Cars,S24_2887,44,42.26,1859.44,117,42.26
10332,12,2004-11-17,Shipped,Classic Cars,S24_3191,45,34.19,1538.55,85,34.19
10332,13,2004-11-17,Shipped,Classic Cars,S24_3432,31,37.18,1152.58,107,37.18
10332,14,2004-11-17,Shipped,Vintage Cars,S24_3969,41,77.24,3166.84,41,77.24000000000001
10332,15,2004-11-17,Shipped,Vintage Cars,S18_1342,46,95.13,4375.98,102,95.13
10332,16,2004-11-17,Shipped,Vintage Cars,S18_1367,27,89.89,2427.03,53,89.89
10332,17,2004-11-17,Shipped,Vintage Cars,S18_2957,26,100.0,2979.08,62,114.58
10332,18,2004-11-17,Shipped,Vintage Cars,S18_3136,40,39.8,1592.0,104,39.8
10333,1,2004-11-18,Shipped,Vintage Cars,S24_4258,39,100.0,4424.16,97,113.44
10333,2,2004-11-18,Shipped,Vintage Cars,S18_3320,46,100.0,11336.7,99,246.45000000000002
10333,3,2004-11-18,Shipped,Classic Cars,S10_1949,26,100.0,3003.0,214,115.5
10333,5,2004-11-18,Shipped,Vintage Cars,S18_2949,31,90.17,2795.27,101,90.17
10333,8,2004-11-18,Shipped,Vintage Cars,S18_4668,24,79.86,1916.64,50,79.86
10334,2,2004-11-19,On Hold,Classic Cars,S10_4962,26,100.0,3188.12,147,122.61999999999999
10334,3,2004-11-19,On Hold,Classic Cars,S18_3232,20,100.0,2878.8,169,143.94
10335,2,2004-11-19,Shipped,Classic Cars,S24_2840,33,37.13,1225.29,35,37.129999999999995
10336,1,2004-11-20,Shipped,Classic Cars,S12_3891,49,63.38,3105.62,173,63.379999999999995
10336,2,2004-11-20,Shipped,Classic Cars,S700_2824,46,100.0,9558.8,101,207.79999999999998
10336,4,2004-11-20,Shipped,Classic Cars,S24_1444,45,100.0,5972.4,57,132.72
10336,5,2004-11-20,Shipped,Classic Cars,S24_4048,31,100.0,4618.69,118,148.98999999999998
10336,6,2004-11-20,Shipped,Classic Cars,S18_2238,49,100.0,7460.74,163,152.26
10336,10,2004-11-20,Shipped,Classic Cars,S12_1108,33,57.22,1888.26,207,57.22
10336,11,2004-11-20,Shipped,Classic Cars,S12_3148,33,100.0,4059.33,151,123.00999999999999
10336,12,2004-11-20,Shipped,Vintage Cars,S18_3140,48,100.0,5778.24,136,120.38
10337,2,2004-11-21,Shipped,Vintage Cars,S18_4522,29,100.0,4498.19,87,155.10999999999999
10337,3,2004-11-21,Shipped,Classic Cars,S18_4027,36,100.0,5679.36,143,157.76
10337,8,2004-11-21,Shipped,Classic Cars,S10_4757,25,48.05,1201.25,136,48.05
10338,2,2004-11-22,Shipped,Vintage Cars,S18_3856,45,100.0,5526.45,105,122.81
10339,13,2004-11-23,Shipped,Vintage Cars,S24_3151,55,100.0,10758.0,88,195.6
10339,14,2004-11-23,Shipped,Vintage Cars,S24_3420,29,99.69,2891.01,65,99.69000000000001
10339,16,2004-11-23,Shipped,Vintage Cars,S24_3816,42,59.36,2493.12,83,59.36
10340,3,2004-11-24,Shipped,Vintage Cars,S32_4289,39,59.16,2307.24,68,59.16
10340,4,2004-11-24,Shipped,Vintage Cars,S50_1341,40,50.62,2024.8,43,50.62
10341,1,2004-11-24,Shipped,Classic Cars,S12_3380,44,95.93,4220.92,117,95.93
10341,2,2004-11-24,Shipped,Classic Cars,S12_1099,45,79.65,3584.25,194,79.65
10341,7,2004-11-24,Shipped,Classic Cars,S12_4675,55,75.2,4136.0,115,75.2
10341,10,2004-11-24,Shipped,Classic Cars,S12_3990,36,93.56,3368.16,79,93.56
10342,1,2004-11-24,Shipped,Classic Cars,S18_1889,55,65.45,3599.75,77,65.45
10342,2,2004-11-24,Shipped,Classic Cars,S18_1129,40,100.0,6454.4,141,161.35999999999999
10342,3,2004-11-24,Shipped,Classic Cars,S18_1984,22,100.0,3160.74,142,143.67
10342,4,2004-11-24,Shipped,Classic Cars,S18_3232,30,100.0,5029.5,169,167.65
10342,5,2004-11-24,Shipped,Classic Cars,S18_3278,25,66.74,1668.5,80,66.74
10342,6,2004-11-24,Shipped,Classic Cars,S24_3856,42,100.0,5013.54,140,119.37
10342,7,2004-11-24,Shipped,Classic Cars,S18_3482,55,100.0,6548.3,146,119.06
10342,9,2004-11-24,Shipped,Classic Cars,S24_2972,39,40.4,1575.6,37,40.4
10342,10,2004-11-24,Shipped,Classic Cars,S24_3371,48,62.45,2997.6,61,62.449999999999996
10342,11,2004-11-24,Shipped,Classic Cars,S18_4721,38,100.0,6276.46,148,165.17
10343,1,2004-11-24,Shipped,Classic Cars,S24_4620,30,100.0,3098.7,80,103.28999999999999
10343,2,2004-11-24,Shipped,Classic Cars,S18_3685,44,84.88,3734.72,141,84.88
10343,3,2004-11-24,Shipped,Classic Cars,S18_2870,25,52.32,1308.0,132,52.32
10343,4,2004-11-24,Shipped,Classic Cars,S18_1589,36,100.0,5848.92,124,162.47
10343,6,2004-11-24,Shipped,Classic Cars,S24_1628,27,36.21,977.67,50,36.21
10344,1,2004-11-25,Shipped,Vintage Cars,S18_1749,45,100.0,7650.0,170,170.0
10344,2,2004-11-25,Shipped,Vintage Cars,S18_2248,40,56.91,2276.4,60,56.910000000000004
10344,3,2004-11-25,Shipped,Vintage Cars,S18_2325,30,100.0,3928.2,127,130.94
10344,4,2004-11-25,Shipped,Vintage Cars,S18_4409,21,100.0,2203.11,92,104.91000000000001
10344,5,2004-11-25,Shipped,Classic Cars,S18_4933,26,63.43,1649.18,71,63.43
10344,6,2004-11-25,Shipped,Vintage Cars,S24_1937,20,35.18,703.6,33,35.18
10344,7,2004-11-25,Shipped,Classic Cars,S24_1046,29,59.53,1726.37,73,59.529999999999994
10345,1,2004-11-25,Shipped,Vintage Cars,S24_2022,43,53.76,2311.68,44,53.76
10346,1,2004-11-29,Shipped,Classic Cars,S24_2766,25,100.0,2876.75,90,115.07
10346,2,2004-11-29,Shipped,Classic Cars,S24_3191,24,100.0,3325.92,85,138.58
10346,3,2004-11-29,Shipped,Vintage Cars,S18_1342,42,36.11,1516.62,102,36.11
10346,4,2004-11-29,Shipped,Vintage Cars,S24_3969,22,97.44,2143.68,41,97.44
10346,5,2004-11-29,Shipped,Classic Cars,S24_2887,24,87.24,2093.76,117,87.24000000000001
10346,6,2004-11-29,Shipped,Classic Cars,S24_3432,26,95.88,2492.88,107,95.88000000000001
10347,1,2004-11-29,Shipped,Classic Cars,S10_1949,30,100.0,3944.7,214,131.48999999999998
10347,2,2004-11-29,Shipped,Classic Cars,S10_4962,27,100.0,4428.0,147,164.0
10347,6,2004-11-29,Shipped,Vintage Cars,S18_2795,21,100.0,4815.3,168,229.3
10347,7,2004-11-29,Shipped,Vintage Cars,S18_1367,21,58.95,1237.95,53,58.95
10347,9,2004-11-29,Shipped,Vintage Cars,S18_2949,48,100.0,4814.4,101,100.3
10347,10,2004-11-29,Shipped,Vintage Cars,S18_2957,34,64.96,2208.64,62,64.96
10347,11,2004-11-29,Shipped,Vintage Cars,S18_3136,45,100.0,4948.2,104,109.96
10347,12,2004-11-29,Shipped,Vintage Cars,S18_3320,26,100.0,2656.94,99,102.19
10349,2,2004-12-01,Shipped,Classic Cars,S24_4048,23,100.0,3182.97,118,138.39
10349,3,2004-12-01,Shipped,Classic Cars,S24_2840,36,37.13,1336.68,35,37.13
10349,4,2004-12-01,Shipped,Classic Cars,S24_1444,48,47.4,2275.2,57,47.4
10349,5,2004-12-01,Shipped,Classic Cars,S18_4027,34,100.0,4394.84,143,129.26
10349,6,2004-12-01,Shipped,Classic Cars,S18_3232,48,100.0,7396.8,169,154.1
10349,8,2004-12-01,Shipped,Classic Cars,S18_2238,38,100.0,6719.54,163,176.83
10349,10,2004-12-01,Shipped,Classic Cars,S12_3891,26,100.0,4408.56,173,169.56
10350,1,2004-12-02,Shipped,Vintage Cars,S18_3140,44,100.0,5191.12,136,117.98
10350,3,2004-12-02,Shipped,Vintage Cars,S18_4522,30,100.0,3023.1,87,100.77
10350,5,2004-12-02,Shipped,Classic Cars,S10_4757,26,75.47,1962.22,136,75.47
10350,9,2004-12-02,Shipped,Vintage Cars,S24_3151,30,100.0,3021.0,88,100.7
10350,10,2004-12-02,Shipped,Vintage Cars,S24_3816,25,60.34,1508.5,83,60.34
10351,2,2004-12-03,Shipped,Vintage Cars,S18_3856,20,100.0,3374.6,105,168.73
10351,4,2004-12-03,Shipped,Vintage Cars,S24_3420,38,68.38,2598.44,65,68.38
10353,7,2004-12-04,Shipped,Vintage Cars,S32_4289,40,44.51,1780.4,68,44.510000000000005
10353,8,2004-12-04,Shipped,Vintage Cars,S50_1341,40,82.21,3288.4,43,82.21000000000001
10355,2,2004-12-07,Shipped,Classic Cars,S18_4721,25,100.0,4203.5,148,168.14
10355,4,2004-12-07,Shipped,Classic Cars,S24_2972,36,38.52,1386.72,37,38.52
10355,6,2004-12-07,Shipped,Classic Cars,S24_3371,44,62.45,2747.8,61,62.45
10355,7,2004-12-07,Shipped,Classic Cars,S18_3482,23,100.0,3177.91,146,138.17
10355,8,2004-12-07,Shipped,Classic Cars,S24_3856,32,100.0,5302.72,140,165.71
10355,9,2004-12-07,Shipped,Classic Cars,S24_4620,28,95.39,2670.92,80,95.39
10356,1,2004-12-09,Shipped,Vintage Cars,S18_2795,30,100.0,4462.2,168,148.73999999999998
10356,2,2004-12-09,Shipped,Classic Cars,S18_1984,27,64.69,1746.63,142,64.69
10356,3,2004-12-09,Shipped,Vintage Cars,S18_2325,29,100.0,3630.22,127,125.17999999999999
10356,5,2004-12-09,Shipped,Vintage Cars,S24_1937,48,100.0,9720.0,33,202.5
10356,6,2004-12-09,Shipped,Vintage Cars,S18_1367,22,72.41,1593.02,53,72.41
10356,7,2004-12-09,Shipped,Vintage Cars,S24_2022,26,31.86,828.36,44,31.86
10356,8,2004-12-09,Shipped,Classic Cars,S18_1129,43,97.6,4196.8,141,97.60000000000001
10356,9,2004-12-09,Shipped,Vintage Cars,S18_1342,50,50.18,2509.0,102,50.18
10357,3,2004-12-10,Shipped,Vintage Cars,S18_3320,25,100.0,2604.25,99,104.17
10357,4,2004-12-10,Shipped,Vintage Cars,S18_3136,44,100.0,5160.76,104,117.29
10357,5,2004-12-10,Shipped,Vintage Cars,S18_2957,49,70.58,3458.42,62,70.58
10357,6,2004-12-10,Shipped,Vintage Cars,S18_2949,41,87.13,3572.33,101,87.13
10357,9,2004-12-10,Shipped,Classic Cars,S10_4962,43,100.0,5780.92,147,134.44
10357,10,2004-12-10,Shipped,Classic Cars,S10_1949,32,100.0,5691.84,214,177.87
10358,3,2004-12-10,Shipped,Classic Cars,S700_2824,27,100.0,3761.37,101,139.31
10358,4,2004-12-10,Shipped,Classic Cars,S24_2840,36,82.94,2985.84,35,82.94
10358,5,2004-12-10,Shipped,Classic Cars,S12_3148,49,55.34,2711.66,151,55.339999999999996
10358,6,2004-12-10,Shipped,Vintage Cars,S24_4258,41,100.0,6847.0,97,167.0
10358,8,2004-12-10,Shipped,Vintage Cars,S18_4668,30,100.0,5302.8,50,176.76000000000002
10358,10,2004-12-10,Shipped,Classic Cars,S18_2238,20,100.0,2428.0,163,121.4
10358,12,2004-12-10,Shipped,Classic Cars,S18_3232,32,93.49,2991.68,169,93.49
10358,13,2004-12-10,Shipped,Classic Cars,S18_4027,25,100.0,2528.25,143,101.13
10358,14,2004-12-10,Shipped,Classic Cars,S24_1444,44,60.76,2673.44,57,60.76
10359,5,2004-12-15,Shipped,Classic Cars,S12_3891,49,62.09,3042.41,173,62.089999999999996
10359,6,2004-12-15,Shipped,Classic Cars,S10_4757,48,54.68,2624.64,136,54.68
10359,7,2004-12-15,Shipped,Classic Cars,S24_4048,22,100.0,2603.04,118,118.32
10359,8,2004-12-15,Shipped,Classic Cars,S12_1108,42,100.0,4764.48,207,113.43999999999998
10361,2,2004-12-17,Shipped,Vintage Cars,S32_4289,49,72.33,3544.17,68,72.33
10361,3,2004-12-17,Shipped,Vintage Cars,S50_1341,33,82.59,2725.47,43,82.58999999999999
10361,6,2004-12-17,Shipped,Vintage Cars,S24_3420,34,100.0,3871.92,65,113.88
10363,1,2005-01-06,Shipped,Classic Cars,S24_3856,31,94.58,2931.98,140,94.58
10363,3,2005-01-06,Shipped,Classic Cars,S12_1099,33,85.39,2817.87,194,85.39
10363,4,2005-01-06,Shipped,Classic Cars,S12_3380,34,96.73,3288.82,117,96.73
10363,5,2005-01-06,Shipped,Classic Cars,S12_3990,34,81.62,2775.08,79,81.62
10363,6,2005-01-06,Shipped,Classic Cars,S12_4675,46,88.45,4068.7,115,88.45
10363,7,2005-01-06,Shipped,Classic Cars,S18_1889,22,100.0,3686.54,77,167.57
10363,9,2005-01-06,Shipped,Classic Cars,S24_4620,43,100.0,5154.41,80,119.86999999999999
10363,10,2005-01-06,Shipped,Classic Cars,S18_3278,46,60.3,2773.8,80,60.300000000000004
10363,11,2005-01-06,Shipped,Classic Cars,S18_3482,24,100.0,4142.64,146,172.61
10363,13,2005-01-06,Shipped,Classic Cars,S18_4721,28,58.18,1629.04,148,58.18
10363,15,2005-01-06,Shipped,Classic Cars,S24_3371,21,100.0,2447.76,61,116.56000000000002
10365,1,2005-01-07,Shipped,Classic Cars,S18_1129,30,87.06,2611.8,141,87.06
10366,1,2005-01-10,Shipped,Classic Cars,S18_3232,34,100.0,6275.72,169,184.58
10366,2,2005-01-10,Shipped,Classic Cars,S18_2870,49,100.0,6144.6,132,125.4
10366,3,2005-01-10,Shipped,Classic Cars,S18_1984,34,100.0,4207.84,142,123.76
10367,1,2005-01-12,Resolved,Classic Cars,S18_1589,49,56.3,2758.7,124,56.3
10367,2,2005-01-12,Resolved,Classic Cars,S24_2972,36,100.0,5018.4,37,139.39999999999998
10367,3,2005-01-12,Resolved,Vintage Cars,S18_1749,37,100.0,4703.81,170,127.13000000000001
10367,4,2005-01-12,Resolved,Vintage Cars,S18_2248,45,100.0,8884.8,60,197.44
10367,5,2005-01-12,Resolved,Vintage Cars,S18_2325,27,100.0,4196.07,127,155.41
10367,6,2005-01-12,Resolved,Classic Cars,S18_3685,46,100.0,4808.38,141,104.53
10367,7,2005-01-12,Resolved,Vintage Cars,S18_2795,32,94.79,3033.28,168,94.79
10367,8,2005-01-12,Resolved,Vintage Cars,S18_4409,43,62.72,2696.96,92,62.72
10367,9,2005-01-12,Resolved,Classic Cars,S18_4933,44,85.25,3751.0,71,85.25
10367,10,2005-01-12,Resolved,Classic Cars,S24_1046,21,60.37,1267.77,73,60.37
10367,11,2005-01-12,Resolved,Classic Cars,S24_1628,38,38.5,1463.0,50,38.5
10367,12,2005-01-12,Resolved,Vintage Cars,S24_2022,28,30.59,856.52,44,30.59
10367,13,2005-01-12,Resolved,Vintage Cars,S24_1937,23,36.29,834.67,33,36.29
10368,1,2005-01-19,Shipped,Classic Cars,S24_3191,46,79.62,3662.52,85,79.62
10368,2,2005-01-19,Shipped,Classic Cars,S24_2766,40,100.0,4107.2,90,102.67999999999999
10368,3,2005-01-19,Shipped,Vintage Cars,S24_3969,46,37.34,1717.64,41,37.34
10368,4,2005-01-19,Shipped,Classic Cars,S24_3432,20,99.58,1991.6,107,99.58
10368,5,2005-01-19,Shipped,Classic Cars,S24_2887,31,100.0,4223.13,117,136.23
10369,1,2005-01-20,Shipped,Vintage Cars,S18_2949,42,100.0,4581.36,101,109.08
10369,2,2005-01-20,Shipped,Classic Cars,S10_1949,41,100.0,4514.92,214,110.12
10369,3,2005-01-20,Shipped,Vintage Cars,S24_4258,40,86.92,3476.8,97,86.92
10369,4,2005-01-20,Shipped,Vintage Cars,S18_3320,45,73.08,3288.6,99,73.08
10369,5,2005-01-20,Shipped,Vintage Cars,S18_3136,21,94.22,1978.62,104,94.22
10369,6,2005-01-20,Shipped,Vintage Cars,S18_2957,28,44.21,1237.88,62,44.21
10369,7,2005-01-20,Shipped,Vintage Cars,S18_1367,32,98.63,3156.16,53,98.63
10369,8,2005-01-20,Shipped,Vintage Cars,S18_1342,44,100.0,9240.44,102,210.01000000000002
10370,2,2005-01-20,Shipped,Vintage Cars,S18_4668,20,100.0,2730.0,50,136.5
10370,4,2005-01-20,Shipped,Classic Cars,S10_4962,35,65.63,2297.05,147,65.63000000000001
10370,9,2005-01-20,Shipped,Classic Cars,S18_3232,27,56.85,1534.95,169,56.85
10371,3,2005-01-23,Shipped,Classic Cars,S700_2824,34,100.0,4301.34,101,126.51
10371,6,2005-01-23,Shipped,Classic Cars,S12_1108,32,100.0,3560.64,207,111.27
10371,7,2005-01-23,Shipped,Classic Cars,S18_2238,25,100.0,2602.25,163,104.09
10371,8,2005-01-23,Shipped,Classic Cars,S24_2840,45,100.0,5545.8,35,123.24000000000001
10371,9,2005-01-23,Shipped,Classic Cars,S24_4048,28,50.32,1408.96,118,50.32
10371,12,2005-01-23,Shipped,Classic Cars,S24_1444,25,97.27,2431.75,57,97.27
10372,1,2005-01-26,Shipped,Classic Cars,S12_3891,34,100.0,5941.5,173,174.75
10372,3,2005-01-26,Shipped,Vintage Cars,S18_3140,28,100.0,3862.88,136,137.96
10372,4,2005-01-26,Shipped,Classic Cars,S12_3148,40,100.0,5862.0,151,146.55
10372,6,2005-01-26,Shipped,Classic Cars,S18_4027,48,100.0,7031.52,143,146.49
10372,7,2005-01-26,Shipped,Vintage Cars,S18_4522,41,86.89,3562.49,87,86.89
10373,3,2005-01-31,Shipped,Classic Cars,S10_4757,39,100.0,4046.25,136,103.75
10373,6,2005-01-31,Shipped,Vintage Cars,S18_3856,50,60.49,3024.5,105,60.49
10373,10,2005-01-31,Shipped,Vintage Cars,S24_3816,23,100.0,2394.3,83,104.10000000000001
10373,11,2005-01-31,Shipped,Vintage Cars,S24_3420,46,66.0,3036.0,65,66.0
10373,12,2005-01-31,Shipped,Vintage Cars,S24_3151,33,57.32,1891.56,88,57.32
10375,4,2005-02-03,Shipped,Vintage Cars,S32_4289,44,82.26,3619.44,68,82.26
10375,5,2005-02-03,Shipped,Vintage Cars,S50_1341,49,65.8,3224.2,43,65.8
10375,7,2005-02-03,Shipped,Classic Cars,S12_1099,45,76.0,3420.0,194,76.0
10376,1,2005-02-08,Shipped,Classic Cars,S12_3380,35,100.0,3987.2,117,113.92
10377,1,2005-02-09,Shipped,Classic Cars,S12_4675,50,100.0,5182.0,115,103.64
10377,2,2005-02-09,Shipped,Classic Cars,S18_1129,35,100.0,5895.05,141,168.43
10377,3,2005-02-09,Shipped,Classic Cars,S18_3232,39,100.0,7264.53,169,186.26999999999998
10377,4,2005-02-09,Shipped,Classic Cars,S18_1889,31,67.76,2100.56,77,67.76
10377,5,2005-02-09,Shipped,Classic Cars,S12_3990,24,67.83,1627.92,79,67.83
10377,6,2005-02-09,Shipped,Classic Cars,S18_1984,36,100.0,4352.76,142,120.91000000000001
10378,2,2005-02-10,Shipped,Classic Cars,S24_4620,41,100.0,4894.17,80,119.37
10378,3,2005-02-10,Shipped,Classic Cars,S24_3856,33,53.27,1757.91,140,53.27
10378,4,2005-02-10,Shipped,Classic Cars,S18_3278,22,100.0,2464.0,80,112.0
10378,5,2005-02-10,Shipped,Classic Cars,S18_1589,34,42.64,1449.76,124,42.64
10378,6,2005-02-10,Shipped,Classic Cars,S24_3371,46,41.54,1910.84,61,41.54
10378,7,2005-02-10,Shipped,Classic Cars,S24_2972,41,100.0,5856.85,37,142.85000000000002
10378,8,2005-02-10,Shipped,Classic Cars,S18_4721,49,67.14,3289.86,148,67.14
10378,10,2005-02-10,Shipped,Classic Cars,S18_3482,43,96.49,4149.07,146,96.49
10379,1,2005-02-10,Shipped,Vintage Cars,S18_2248,27,49.3,1331.1,60,49.3
10379,2,2005-02-10,Shipped,Vintage Cars,S18_1749,39,100.0,5399.55,170,138.45000000000002
10379,3,2005-02-10,Shipped,Classic Cars,S24_1628,32,100.0,3970.56,50,124.08
10379,4,2005-02-10,Shipped,Classic Cars,S18_3685,32,70.83,2266.56,141,70.83
10379,5,2005-02-10,Shipped,Classic Cars,S18_2870,29,100.0,5127.2,132,176.79999999999998
10380,1,2005-02-16,Shipped,Vintage Cars,S18_4409,32,100.0,3376.64,92,105.52
10380,2,2005-02-16,Shipped,Classic Cars,S18_4933,24,100.0,4536.0,71,189.0
10380,3,2005-02-16,Shipped,Classic Cars,S24_1046,34,100.0,3441.82,73,101.23
10380,4,2005-02-16,Shipped,Vintage Cars,S24_1937,32,70.56,2257.92,33,70.56
10380,5,2005-02-16,Shipped,Vintage Cars,S24_2022,27,68.35,1845.45,44,68.35000000000001
10380,6,2005-02-16,Shipped,Classic Cars,S24_2766,36,37.5,1350.0,90,37.5
10380,7,2005-02-16,Shipped,Classic Cars,S24_2887,44,36.29,1596.76,117,36.29
10380,8,2005-02-16,Shipped,Vintage Cars,S18_2795,21,47.18,990.78,168,47.18
10380,9,2005-02-16,Shipped,Classic Cars,S24_3191,44,79.06,3478.64,85,79.06
10380,10,2005-02-16,Shipped,Vintage Cars,S18_2325,40,100.0,4931.6,127,123.29
10380,11,2005-02-16,Shipped,Classic Cars,S24_3432,34,100.0,3953.18,107,116.27
10380,12,2005-02-16,Shipped,Vintage Cars,S24_3969,43,95.03,4086.29,41,95.03
10380,13,2005-02-16,Shipped,Vintage Cars,S18_1342,27,93.16,2515.32,102,93.16000000000001
10381,3,2005-02-17,Shipped,Classic Cars,S10_1949,36,100.0,8254.8,214,229.29999999999998
10381,4,2005-02-17,Shipped,Vintage Cars,S18_2957,40,68.08,2723.2,62,68.08
10381,5,2005-02-17,Shipped,Vintage Cars,S18_3136,35,100.0,4288.2,104,122.52
10381,6,2005-02-17,Shipped,Classic Cars,S10_4962,37,100.0,6231.54,147,168.42
10381,8,2005-02-17,Shipped,Vintage Cars,S18_2949,41,100.0,4319.76,101,105.36
10381,9,2005-02-17,Shipped,Vintage Cars,S18_1367,25,52.83,1320.75,53,52.83
10382,2,2005-02-17,Shipped,Vintage Cars,S18_4668,39,100.0,7827.3,50,200.70000000000002
10382,4,2005-02-17,Shipped,Vintage Cars,S24_4258,33,100.0,4592.61,97,139.17
10382,5,2005-02-17,Shipped,Classic Cars,S18_2238,25,88.0,2200.0,163,88.0
10382,7,2005-02-17,Shipped,Vintage Cars,S18_3320,50,100.0,8935.5,99,178.71
10382,9,2005-02-17,Shipped,Classic Cars,S700_2824,34,54.84,1864.56,101,54.839999999999996
10382,10,2005-02-17,Shipped,Classic Cars,S12_1108,34,100.0,3823.64,207,112.46
10382,11,2005-02-17,Shipped,Classic Cars,S12_3148,37,100.0,4071.85,151,110.05
10382,12,2005-02-17,Shipped,Classic Cars,S12_3891,34,95.35,3241.9,173,95.35000000000001
10383,1,2005-02-22,Shipped,Classic Cars,S18_4027,38,100.0,5340.9,143,140.54999999999998
10383,2,2005-02-22,Shipped,Classic Cars,S24_1444,22,91.76,2018.72,57,91.76
10383,3,2005-02-22,Shipped,Classic Cars,S24_2840,40,100.0,6089.6,35,152.24
10383,4,2005-02-22,Shipped,Classic Cars,S24_4048,21,93.91,1972.11,118,93.91
10383,6,2005-02-22,Shipped,Classic Cars,S18_3232,47,100.0,6869.05,169,146.15
10383,7,2005-02-22,Shipped,Vintage Cars,S18_4522,28,58.58,1640.24,87,58.58
10383,9,2005-02-22,Shipped,Vintage Cars,S18_3140,24,61.52,1476.48,136,61.52
10384,2,2005-02-23,Shipped,Vintage Cars,S24_3151,43,97.87,4208.41,88,97.86999999999999
10384,4,2005-02-23,Shipped,Classic Cars,S10_4757,34,100.0,4846.7,136,142.54999999999998
10385,2,2005-02-28,Shipped,Vintage Cars,S24_3816,37,85.54,3164.98,83,85.54
10386,6,2005-03-01,Resolved,Vintage Cars,S18_3856,22,57.55,1266.1,105,57.55
10386,9,2005-03-01,Resolved,Vintage Cars,S24_3420,35,63.76,2231.6,65,63.76
10388,1,2005-03-03,Shipped,Vintage Cars,S50_1341,27,100.0,3211.38,43,118.94
10388,8,2005-03-03,Shipped,Vintage Cars,S32_4289,35,100.0,3918.95,68,111.97
10389,3,2005-03-03,Shipped,Classic Cars,S18_1889,49,79.22,3881.78,77,79.22
10389,4,2005-03-03,Shipped,Classic Cars,S12_1099,26,99.04,2575.04,194,99.03999999999999
10389,6,2005-03-03,Shipped,Classic Cars,S12_3380,25,72.38,1809.5,117,72.38
10389,7,2005-03-03,Shipped,Classic Cars,S12_3990,36,70.26,2529.36,79,70.26
10389,8,2005-03-03,Shipped,Classic Cars,S12_4675,47,100.0,5243.79,115,111.57
10390,1,2005-03-04,Shipped,Classic Cars,S18_3482,50,100.0,7397.0,146,147.94
10390,3,2005-03-04,Shipped,Classic Cars,S18_4721,49,100.0,6862.94,148,140.06
10390,5,2005-03-04,Shipped,Classic Cars,S24_2972,37,100.0,4894.73,37,132.29
10390,6,2005-03-04,Shipped,Classic Cars,S24_3371,46,52.84,2430.64,61,52.839999999999996
10390,7,2005-03-04,Shipped,Vintage Cars,S18_2795,26,78.11,2030.86,168,78.11
10390,8,2005-03-04,Shipped,Classic Cars,S24_3856,45,100.0,6763.05,140,150.29
10390,9,2005-03-04,Shipped,Classic Cars,S18_3278,40,100.0,5491.6,80,137.29000000000002
10390,10,2005-03-04,Shipped,Classic Cars,S24_4620,30,82.42,2472.6,80,82.42
10390,14,2005-03-04,Shipped,Classic Cars,S18_1129,36,93.77,3375.72,141,93.77
10390,15,2005-03-04,Shipped,Classic Cars,S18_1984,34,43.05,1463.7,142,43.050000000000004
10390,16,2005-03-04,Shipped,Vintage Cars,S18_2325,31,98.99,3068.69,127,98.99
10391,1,2005-03-09,Shipped,Vintage Cars,S24_2022,24,100.0,4042.08,44,168.42
10391,2,2005-03-09,Shipped,Vintage Cars,S18_1342,35,100.0,5548.9,102,158.54
10391,3,2005-03-09,Shipped,Vintage Cars,S18_1367,42,100.0,4998.0,53,119.0
10391,4,2005-03-09,Shipped,Classic Cars,S10_1949,24,100.0,2416.56,214,100.69
10391,6,2005-03-09,Shipped,Vintage Cars,S18_2949,32,45.25,1448.0,101,45.25
10391,7,2005-03-09,Shipped,Classic Cars,S10_4962,37,46.9,1735.3,147,46.9
10391,8,2005-03-09,Shipped,Vintage Cars,S24_1937,33,100.0,8344.71,33,252.86999999999998
10392,1,2005-03-10,Shipped,Vintage Cars,S18_3320,36,100.0,4035.96,99,112.11
10392,2,2005-03-10,Shipped,Vintage Cars,S18_3136,29,86.92,2520.68,104,86.91999999999999
10392,3,2005-03-10,Shipped,Vintage Cars,S18_2957,37,59.96,2218.52,62,59.96
10394,1,2005-03-15,Shipped,Classic Cars,S18_4027,37,100.0,6376.58,143,172.34
10394,2,2005-03-15,Shipped,Classic Cars,S24_1444,31,50.29,1558.99,57,50.29
10394,5,2005-03-15,Shipped,Classic Cars,S18_3232,22,100.0,3353.02,169,152.41
10394,6,2005-03-15,Shipped,Classic Cars,S24_2840,46,38.9,1789.4,35,38.9
10394,7,2005-03-15,Shipped,Classic Cars,S24_4048,37,100.0,5207.75,118,140.75
10395,1,2005-03-17,Shipped,Classic Cars,S12_1108,33,69.12,2280.96,207,69.12
10395,2,2005-03-17,Shipped,Classic Cars,S10_4757,32,100.0,3370.56,136,105.33
10396,2,2005-03-23,Shipped,Vintage Cars,S18_3140,33,100.0,5273.73,136,159.80999999999997
10396,3,2005-03-23,Shipped,Classic Cars,S12_3891,33,100.0,6109.29,173,185.13
10396,5,2005-03-23,Shipped,Vintage Cars,S18_4522,45,100.0,4739.4,87,105.32
10396,7,2005-03-23,Shipped,Vintage Cars,S24_3151,27,83.2,2246.4,88,83.2
10396,8,2005-03-23,Shipped,Vintage Cars,S24_3816,37,90.57,3351.09,83,90.57000000000001
10398,4,2005-03-30,Shipped,Vintage Cars,S32_4289,22,67.41,1483.02,68,67.41
10398,5,2005-03-30,Shipped,Vintage Cars,S50_1341,49,36.66,1796.34,43,36.66
10398,13,2005-03-30,Shipped,Vintage Cars,S24_3420,34,71.67,2436.78,65,71.67
10398,17,2005-03-30,Shipped,Vintage Cars,S18_3856,45,100.0,4811.85,105,106.93
10400,3,2005-04-01,Shipped,Vintage Cars,S24_3420,38,57.2,2173.6,65,57.199999999999996
10400,6,2005-04-01,Shipped,Vintage Cars,S18_3856,58,100.0,7307.42,105,125.99
10400,8,2005-04-01,Shipped,Vintage Cars,S24_3816,42,72.96,3064.32,83,72.96000000000001
10400,9,2005-04-01,Shipped,Classic Cars,S10_4757,64,100.0,9661.44,136,150.96
10401,6,2005-04-03,On Hold,Vintage Cars,S32_4289,62,77.73,4819.26,68,77.73
10401,7,2005-04-03,On Hold,Vintage Cars,S50_1341,56,35.35,1979.6,43,35.35
10405,1,2005-04-14,Shipped,Classic Cars,S18_3232,55,100.0,8289.05,169,150.70999999999998
10405,2,2005-04-14,Shipped,Classic Cars,S24_2972,47,44.56,2094.32,37,44.56
10405,3,2005-04-14,Shipped,Classic Cars,S24_3856,76,100.0,11739.7,140,154.46973684210528
10405,4,2005-04-14,Shipped,Classic Cars,S18_1889,61,73.92,4509.12,77,73.92
10405,5,2005-04-14,Shipped,Classic Cars,S12_4675,97,93.28,9048.16,115,93.28
10406,1,2005-04-15,Disputed,Classic Cars,S18_3685,65,100.0,10468.9,141,161.06
10406,2,2005-04-15,Disputed,Classic Cars,S18_1984,48,100.0,7169.28,142,149.35999999999999
10406,3,2005-04-15,Disputed,Classic Cars,S18_1129,61,100.0,8374.69,141,137.29000000000002
10407,1,2005-04-22,On Hold,Vintage Cars,S18_2248,42,72.65,3051.3,60,72.65
10407,2,2005-04-22,On Hold,Vintage Cars,S18_1749,76,100.0,14082.8,170,185.29999999999998
10407,3,2005-04-22,On Hold,Vintage Cars,S18_4409,6,90.19,541.14,92,90.19
10407,4,2005-04-22,On Hold,Classic Cars,S18_4933,66,66.99,4421.34,71,66.99000000000001
10407,5,2005-04-22,On Hold,Classic Cars,S24_2887,59,98.65,5820.35,117,98.65
10407,6,2005-04-22,On Hold,Classic Cars,S24_2766,76,94.5,7182.0,90,94.5
10407,7,2005-04-22,On Hold,Classic Cars,S24_3191,13,81.33,1057.29,85,81.33
10407,8,2005-04-22,On Hold,Classic Cars,S24_1046,26,76.43,1987.18,73,76.43
10407,9,2005-04-22,On Hold,Classic Cars,S24_3432,43,86.73,3729.39,107,86.73
10407,10,2005-04-22,On Hold,Classic Cars,S24_1628,64,40.25,2576.0,50,40.25
10407,11,2005-04-22,On Hold,Classic Cars,S18_1589,59,100.0,7048.14,124,119.46000000000001
10407,12,2005-04-22,On Hold,Classic Cars,S18_2870,41,100.0,6386.16,132,155.76
10408,1,2005-04-22,Shipped,Vintage Cars,S24_3969,15,36.93,553.95,41,36.93
10409,1,2005-04-23,Shipped,Vintage Cars,S24_1937,61,29.54,1801.94,33,29.54
10409,2,2005-04-23,Shipped,Vintage Cars,S18_2325,6,100.0,785.64,127,130.94
10411,2,2005-05-01,Shipped,Classic Cars,S10_4962,27,100.0,4427.73,147,163.98999999999998
10411,4,2005-05-01,Shipped,Classic Cars,S700_2824,34,100.0,3576.8,101,105.2
10411,7,2005-05-01,Shipped,Vintage Cars,S18_4668,35,59.87,2095.45,50,59.87
10411,9,2005-05-01,Shipped,Classic Cars,S10_1949,23,100.0,4140.23,214,180.01
10412,1,2005-05-03,Shipped,Classic Cars,S24_4048,31,100.0,4253.2,118,137.2
10412,2,2005-05-03,Shipped,Classic Cars,S24_1444,21,52.6,1104.6,57,52.599999999999994
10412,4,2005-05-03,Shipped,Classic Cars,S18_2238,41,100.0,6712.93,163,163.73000000000002
10412,6,2005-05-03,Shipped,Classic Cars,S24_2840,30,36.07,1082.1,35,36.07
10412,9,2005-05-03,Shipped,Classic Cars,S18_3232,60,100.0,11887.8,169,198.13
10413,1,2005-05-05,Shipped,Classic Cars,S12_3891,22,100.0,3387.78,173,153.99
10413,2,2005-05-05,Shipped,Classic Cars,S12_1108,36,100.0,8677.8,207,241.04999999999998
10413,3,2005-05-05,Shipped,Classic Cars,S12_3148,47,100.0,8236.75,151,175.25
10413,5,2005-05-05,Shipped,Classic Cars,S18_4027,49,100.0,6896.75,143,140.75
10414,2,2005-05-06,On Hold,Vintage Cars,S24_3816,51,76.31,3891.81,83,76.31
10414,3,2005-05-06,On Hold,Classic Cars,S10_4757,19,100.0,2764.88,136,145.52
10414,5,2005-05-06,On Hold,Vintage Cars,S24_3151,60,100.0,6107.4,88,101.78999999999999
10414,11,2005-05-06,On Hold,Vintage Cars,S18_4522,16,75.48,1207.68,87,75.48
10414,12,2005-05-06,On Hold,Vintage Cars,S18_3140,41,100.0,4872.03,136,118.83
10415,2,2005-05-09,Disputed,Vintage Cars,S24_3420,18,69.7,1254.6,65,69.69999999999999
10415,5,2005-05-09,Disputed,Vintage Cars,S18_3856,51,100.0,6209.25,105,121.75
10416,7,2005-05-10,Shipped,Vintage Cars,S32_4289,26,61.22,1591.72,68,61.22
10416,8,2005-05-10,Shipped,Vintage Cars,S50_1341,37,51.93,1921.41,43,51.93
10419,1,2005-05-17,Shipped,Classic Cars,S18_1589,37,100.0,5202.94,124,140.61999999999998
10419,2,2005-05-17,Shipped,Classic Cars,S18_2870,55,100.0,7695.6,132,139.92000000000002
10419,3,2005-05-17,Shipped,Classic Cars,S18_3685,43,100.0,5589.14,141,129.98000000000002
10419,4,2005-05-17,Shipped,Classic Cars,S18_1984,34,100.0,4594.76,142,135.14000000000001
10419,5,2005-05-17,Shipped,Classic Cars,S18_1129,38,100.0,4464.24,141,117.47999999999999
10419,6,2005-05-17,Shipped,Classic Cars,S18_3232,35,100.0,5926.9,169,169.34
10419,7,2005-05-17,Shipped,Classic Cars,S24_2972,15,42.67,640.05,37,42.669999999999995
10419,8,2005-05-17,Shipped,Classic Cars,S24_3856,70,100.0,9240.0,140,132.0
10419,9,2005-05-17,Shipped,Classic Cars,S18_1889,39,83.93,3273.27,77,83.92999999999999
10419,10,2005-05-17,Shipped,Classic Cars,S12_4675,32,100.0,3832.64,115,119.77
10419,11,2005-05-17,Shipped,Classic Cars,S12_3380,10,100.0,1092.2,117,109.22
10419,12,2005-05-17,Shipped,Classic Cars,S24_3371,55,52.66,2896.3,61,52.660000000000004
10419,13,2005-05-17,Shipped,Classic Cars,S12_1099,12,100.0,1961.28,194,163.44
10419,14,2005-05-17,Shipped,Classic Cars,S12_3990,34,90.17,3065.78,79,90.17
10420,1,2005-05-29,In Process,Vintage Cars,S24_1937,45,26.88,1209.6,33,26.88
10420,2,2005-05-29,In Process,Vintage Cars,S18_2325,45,100.0,4977.0,127,110.6
10420,3,2005-05-29,In Process,Vintage Cars,S24_3969,15,43.49,652.35,41,43.49
10420,4,2005-05-29,In Process,Vintage Cars,S18_2248,36,63.57,2288.52,60,63.57
10420,5,2005-05-29,In Process,Vintage Cars,S18_1749,37,100.0,5283.6,170,142.8
10420,6,2005-05-29,In Process,Vintage Cars,S18_4409,66,92.95,6134.7,92,92.95
10420,7,2005-05-29,In Process,Classic Cars,S18_4933,36,57.73,2078.28,71,57.730000000000004
10420,8,2005-05-29,In Process,Classic Cars,S24_2887,55,96.3,5296.5,117,96.3
10420,9,2005-05-29,In Process,Classic Cars,S24_2766,39,100.0,3933.93,90,100.86999999999999
10420,10,2005-05-29,In Process,Classic Cars,S24_3191,35,96.74,3385.9,85,96.74000000000001
10420,11,2005-05-29,In Process,Classic Cars,S24_1046,60,64.67,3880.2,73,64.67
10420,12,2005-05-29,In Process,Classic Cars,S24_3432,26,100.0,2617.16,107,100.66
10420,13,2005-05-29,In Process,Classic Cars,S24_1628,37,60.37,2233.69,50,60.370000000000005
10421,1,2005-05-29,In Process,Vintage Cars,S18_2795,35,100.0,5433.75,168,155.25
10421,2,2005-05-29,In Process,Vintage Cars,S24_2022,40,45.7,1828.0,44,45.7
10422,1,2005-05-30,In Process,Vintage Cars,S18_1367,25,51.75,1293.75,53,51.75
10422,2,2005-05-30,In Process,Vintage Cars,S18_1342,51,95.55,4873.05,102,95.55
10423,1,2005-05-30,In Process,Vintage Cars,S18_2949,10,88.14,881.4,101,88.14
10423,2,2005-05-30,In Process,Vintage Cars,S18_3136,21,84.82,1781.22,104,84.82000000000001
10423,3,2005-05-30,In Process,Vintage Cars,S18_2957,31,53.72,1665.32,62,53.72
10423,4,2005-05-30,In Process,Vintage Cars,S24_4258,28,78.89,2208.92,97,78.89
10423,5,2005-05-30,In Process,Vintage Cars,S18_3320,21,89.29,1875.09,99,89.28999999999999
10424,1,2005-05-31,In Process,Classic Cars,S700_2824,46,80.92,3722.32,101,80.92
10424,4,2005-05-31,In Process,Vintage Cars,S18_4668,26,59.87,1556.62,50,59.87
10424,6,2005-05-31,In Process,Classic Cars,S10_1949,50,100.0,12001.0,214,240.02
10425,1,2005-05-31,In Process,Classic Cars,S24_1444,55,46.82,2575.1,57,46.82
10425,3,2005-05-31,In Process,Classic Cars,S18_2238,28,100.0,5318.04,163,189.93
10425,5,2005-05-31,In Process,Classic Cars,S24_2840,31,33.24,1030.44,35,33.24
10425,8,2005-05-31,In Process,Classic Cars,S18_3232,28,100.0,3793.16,169,135.47
10425,12,2005-05-31,In Process,Classic Cars,S10_4962,38,100.0,5894.94,147,155.13
